Task,DistCategory,ParamName,ParamValue,Distribution,Policy,Mean,Mean_Std,CVaR10,CVaR10_Std,Min,Min_Std
CartpoleSwingupSparse,Beta Distribution,Beta Scale,0.1,Beta Distribution | Beta Scale=0.1,RSDR (β=-30),39.587148666381836,6.891118746244953,25.399618339538574,8.59560253184061,12.57599983215332,5.495065345987914
CartpoleSwingupSparse,Beta Distribution,Beta Scale,0.1,Beta Distribution | Beta Scale=0.1,RSDR (β=-20),37.47334632873535,6.596031620127744,21.53566722869873,5.5751698177897,8.947999954223633,2.946281715488439
CartpoleSwingupSparse,Beta Distribution,Beta Scale,0.1,Beta Distribution | Beta Scale=0.1,UDR,36.49711647033691,6.877944754822194,19.65006294250488,8.058961261170879,9.499999618530273,6.107909364588701
CartpoleSwingupSparse,Beta Distribution,Beta Scale,0.1,Beta Distribution | Beta Scale=0.1,RSDR (β=-10),33.040683364868165,8.181063351737897,21.21242027282715,7.668354166155809,9.855999875068665,5.562839525676136
CartpoleSwingupSparse,Beta Distribution,Beta Scale,0.1,Beta Distribution | Beta Scale=0.1,RSDR (β=-30),,0.0,,0.0,,0.0
CartpoleSwingupSparse,Beta Distribution,Beta Scale,0.1,Beta Distribution | Beta Scale=0.1,RSDR (β=-20),,0.0,,0.0,,0.0
CartpoleSwingupSparse,Beta Distribution,Beta Scale,0.1,Beta Distribution | Beta Scale=0.1,RSDR (β=-10),,0.0,,0.0,,0.0
CartpoleSwingupSparse,Beta Distribution,Beta Scale,0.2,Beta Distribution | Beta Scale=0.2,RSDR (β=-30),28.624775314331053,4.144758577334924,17.066690063476564,5.906728622042779,8.439999747276307,3.8209944887748057
CartpoleSwingupSparse,Beta Distribution,Beta Scale,0.2,Beta Distribution | Beta Scale=0.2,UDR,24.45496597290039,3.7932242681144364,10.726024055480957,2.3285619063203686,3.2959999322891234,1.4283640639718644
CartpoleSwingupSparse,Beta Distribution,Beta Scale,0.2,Beta Distribution | Beta Scale=0.2,RSDR (β=-20),22.48978271484375,6.347942922566365,10.766699028015136,4.96057084809825,3.547999954223633,2.720899823183724
CartpoleSwingupSparse,Beta Distribution,Beta Scale,0.2,Beta Distribution | Beta Scale=0.2,RSDR (β=-10),22.09535789489746,3.9469502983426983,12.319217109680176,3.163157314598049,4.695999789237976,1.7057267683052628
CartpoleSwingupSparse,Beta Distribution,Beta Scale,0.2,Beta Distribution | Beta Scale=0.2,RSDR (β=-20),,0.0,,0.0,,0.0
CartpoleSwingupSparse,Beta Distribution,Beta Scale,0.2,Beta Distribution | Beta Scale=0.2,RSDR (β=-10),,0.0,,0.0,,0.0
CartpoleSwingupSparse,Beta Distribution,Beta Scale,0.2,Beta Distribution | Beta Scale=0.2,RSDR (β=-30),,0.0,,0.0,,0.0
CartpoleSwingupSparse,Beta Distribution,Beta Scale,0.3,Beta Distribution | Beta Scale=0.3,RSDR (β=-30),24.524170684814454,2.824648586607767,13.504146766662597,4.852909991683653,4.075999867916107,1.9479793898218696
CartpoleSwingupSparse,Beta Distribution,Beta Scale,0.3,Beta Distribution | Beta Scale=0.3,UDR,19.637700080871582,2.622170107772886,8.374826049804687,1.2378243316424264,2.1999999284744263,0.6569018300073238
CartpoleSwingupSparse,Beta Distribution,Beta Scale,0.3,Beta Distribution | Beta Scale=0.3,RSDR (β=-10),18.576918029785155,2.3113017170100743,9.565232276916504,1.7476299312334551,3.28799991607666,0.8029544725065194
CartpoleSwingupSparse,Beta Distribution,Beta Scale,0.3,Beta Distribution | Beta Scale=0.3,RSDR (β=-20),17.420327377319335,5.91406569054525,7.866757774353028,4.590355741467483,2.2839999914169313,1.8756716304668404
CartpoleSwingupSparse,Beta Distribution,Beta Scale,0.3,Beta Distribution | Beta Scale=0.3,RSDR (β=-30),,0.0,,0.0,,0.0
CartpoleSwingupSparse,Beta Distribution,Beta Scale,0.3,Beta Distribution | Beta Scale=0.3,RSDR (β=-20),,0.0,,0.0,,0.0
CartpoleSwingupSparse,Beta Distribution,Beta Scale,0.3,Beta Distribution | Beta Scale=0.3,RSDR (β=-10),,0.0,,0.0,,0.0
CartpoleSwingupSparse,Beta Distribution,Beta Scale,0.4,Beta Distribution | Beta Scale=0.4,RSDR (β=-30),22.341236114501953,2.8475548115797658,11.289085197448731,3.896895913377044,2.9519999027252197,1.7796448235527391
CartpoleSwingupSparse,Beta Distribution,Beta Scale,0.4,Beta Distribution | Beta Scale=0.4,UDR,17.525370597839355,2.7967514156952924,7.449789810180664,1.9804504998598296,1.7799999952316283,0.45729640044917397
CartpoleSwingupSparse,Beta Distribution,Beta Scale,0.4,Beta Distribution | Beta Scale=0.4,RSDR (β=-10),16.62797145843506,2.364056453903114,7.806875228881836,1.8404256865053912,2.315999984741211,1.1283545795763752
CartpoleSwingupSparse,Beta Distribution,Beta Scale,0.4,Beta Distribution | Beta Scale=0.4,RSDR (β=-20),15.768664360046387,5.221063248624954,6.597398662567139,3.7082000445974312,1.2999999403953553,0.8053818521239243
CartpoleSwingupSparse,Beta Distribution,Beta Scale,0.4,Beta Distribution | Beta Scale=0.4,RSDR (β=-10),,0.0,,0.0,,0.0
CartpoleSwingupSparse,Beta Distribution,Beta Scale,0.4,Beta Distribution | Beta Scale=0.4,RSDR (β=-20),,0.0,,0.0,,0.0
CartpoleSwingupSparse,Beta Distribution,Beta Scale,0.4,Beta Distribution | Beta Scale=0.4,RSDR (β=-30),,0.0,,0.0,,0.0
CartpoleSwingupSparse,Beta Distribution,Beta Scale,0.5,Beta Distribution | Beta Scale=0.5,RSDR (β=-30),20.697947692871093,3.091745554965181,9.902365970611573,3.5510515870956096,3.047999965399504,2.2651304379966786
CartpoleSwingupSparse,Beta Distribution,Beta Scale,0.5,Beta Distribution | Beta Scale=0.5,UDR,16.415153312683106,2.9958183269764387,6.724567222595215,2.5158368562283853,0.9679999649524689,0.3825388724875961
CartpoleSwingupSparse,Beta Distribution,Beta Scale,0.5,Beta Distribution | Beta Scale=0.5,RSDR (β=-10),15.178940963745116,2.531308150804774,6.4773002624511715,1.7533877890996887,1.327999973297119,0.9070920331877409
CartpoleSwingupSparse,Beta Distribution,Beta Scale,0.5,Beta Distribution | Beta Scale=0.5,RSDR (β=-20),15.065412902832032,4.433542794984861,5.848420524597168,2.737765375594773,1.0119999542832374,1.1646526765170548
CartpoleSwingupSparse,Beta Distribution,Beta Scale,0.5,Beta Distribution | Beta Scale=0.5,RSDR (β=-10),,0.0,,0.0,,0.0
CartpoleSwingupSparse,Beta Distribution,Beta Scale,0.5,Beta Distribution | Beta Scale=0.5,RSDR (β=-30),,0.0,,0.0,,0.0
CartpoleSwingupSparse,Beta Distribution,Beta Scale,0.5,Beta Distribution | Beta Scale=0.5,RSDR (β=-20),,0.0,,0.0,,0.0
CartpoleSwingupSparse,Random Walk,Noise Scale,0.0,Random Walk | Noise Scale=0.0,RSDR (β=-10),836.7738159179687,14.312352530498467,754.64111328125,15.887043962463327,662.8119873046875,17.311218181240065
CartpoleSwingupSparse,Random Walk,Noise Scale,0.0,Random Walk | Noise Scale=0.0,UDR,836.5461181640625,18.491717317540136,743.3490234375,21.87503325506135,642.9119873046875,58.30439769019088
CartpoleSwingupSparse,Random Walk,Noise Scale,0.0,Random Walk | Noise Scale=0.0,RSDR (β=-30),835.9091796875,6.1938217279224554,746.0266723632812,6.161733622150313,689.4759765625,12.169029771924835
CartpoleSwingupSparse,Random Walk,Noise Scale,0.0,Random Walk | Noise Scale=0.0,RSDR (β=-20),832.90029296875,7.9367189594347245,740.4182006835938,18.371463912123847,667.3719848632812,20.67841422166402
CartpoleSwingupSparse,Random Walk,Noise Scale,0.0001,Random Walk | Noise Scale=0.0001,RSDR (β=-30),835.448291015625,5.857829904975584,745.2899291992187,5.903956126438659,685.0519775390625,8.948829943612486
CartpoleSwingupSparse,Random Walk,Noise Scale,0.0001,Random Walk | Noise Scale=0.0001,UDR,835.2690063476563,18.368385220300105,737.9012817382812,22.383819989589583,620.4599853515625,55.00386178559058
CartpoleSwingupSparse,Random Walk,Noise Scale,0.0001,Random Walk | Noise Scale=0.0001,RSDR (β=-10),833.69267578125,11.969509946075757,735.3920288085938,32.18424424679553,573.1479919433593,122.04459845498025
CartpoleSwingupSparse,Random Walk,Noise Scale,0.0001,Random Walk | Noise Scale=0.0001,RSDR (β=-20),831.6955322265625,7.0993013538774195,738.5109375,17.128172793388675,664.435986328125,23.604150643931764
CartpoleSwingupSparse,Random Walk,Noise Scale,0.0005,Random Walk | Noise Scale=0.0005,UDR,758.5154052734375,47.456078694764244,582.2533569335938,80.43943574867927,332.7519920349121,170.64930467710184
CartpoleSwingupSparse,Random Walk,Noise Scale,0.0005,Random Walk | Noise Scale=0.0005,RSDR (β=-20),756.1877563476562,81.32557038250233,609.61513671875,136.65764478871154,440.3679901123047,194.1564687470758
CartpoleSwingupSparse,Random Walk,Noise Scale,0.0005,Random Walk | Noise Scale=0.0005,RSDR (β=-10),755.8193237304688,74.10529131607852,609.2963928222656,118.9960803300181,386.4759887695312,152.85637410499294
CartpoleSwingupSparse,Random Walk,Noise Scale,0.0005,Random Walk | Noise Scale=0.0005,RSDR (β=-30),747.7368896484375,42.15702737987524,588.76875,67.36021944818795,306.9079956054687,26.64838450808332
CartpoleSwingupSparse,Random Walk,Noise Scale,0.001,Random Walk | Noise Scale=0.001,RSDR (β=-10),712.9424682617188,70.46901615150288,551.2218505859375,81.52654990475908,336.347998046875,71.1115371120989
CartpoleSwingupSparse,Random Walk,Noise Scale,0.001,Random Walk | Noise Scale=0.001,RSDR (β=-20),707.3517333984375,87.551854549978,546.5940612792969,124.10733779555464,357.05199737548827,148.19867515476648
CartpoleSwingupSparse,Random Walk,Noise Scale,0.001,Random Walk | Noise Scale=0.001,UDR,706.6418090820313,48.54879931393059,522.1959533691406,88.08610939515336,308.9399955749512,149.95365881341735
CartpoleSwingupSparse,Random Walk,Noise Scale,0.001,Random Walk | Noise Scale=0.001,RSDR (β=-30),669.2612426757812,46.913344848797564,479.21604614257814,45.61794121274666,257.97999267578126,48.41655997169005
CartpoleSwingupSparse,Random Walk,Noise Scale,0.002,Random Walk | Noise Scale=0.002,RSDR (β=-20),618.391943359375,50.671350773450165,429.36658935546876,48.9419595818962,166.84399871826173,79.87703056030468
CartpoleSwingupSparse,Random Walk,Noise Scale,0.002,Random Walk | Noise Scale=0.002,RSDR (β=-10),601.6444946289063,48.27647569515658,421.6955810546875,31.372876956929346,165.64399509429933,82.62119129029938
CartpoleSwingupSparse,Random Walk,Noise Scale,0.002,Random Walk | Noise Scale=0.002,UDR,595.602685546875,41.07551026201855,416.4937805175781,59.5256168466426,187.0959945678711,50.61318174617372
CartpoleSwingupSparse,Random Walk,Noise Scale,0.002,Random Walk | Noise Scale=0.002,RSDR (β=-30),589.9296752929688,19.950007728502563,399.0113952636719,22.710448034510005,189.9479949951172,45.488553223596774
CartpoleSwingupSparse,Random Walk,Noise Scale,0.005,Random Walk | Noise Scale=0.005,UDR,147.90975646972657,14.442045154729513,41.20012588500977,9.160969745736091,0.07599999904632568,0.15199999809265136
CartpoleSwingupSparse,Random Walk,Noise Scale,0.005,Random Walk | Noise Scale=0.005,RSDR (β=-20),147.34217681884766,18.37532740461663,38.92350120544434,6.327378374270416,0.29999999403953553,0.5513619410028405
CartpoleSwingupSparse,Random Walk,Noise Scale,0.005,Random Walk | Noise Scale=0.005,RSDR (β=-30),146.8307647705078,9.95849998763023,39.2618293762207,3.29687424081135,2.1479999899864195,2.230895765080426
CartpoleSwingupSparse,Random Walk,Noise Scale,0.005,Random Walk | Noise Scale=0.005,RSDR (β=-10),136.27664794921876,3.5558846790754792,34.730580520629886,5.250850591947093,0.8,1.6
WalkerWalk,Jump Diffusion (Drift=0.0),Jump Probability,0.01,Jump Diffusion (Drift=0.0) | Jump Probability=0.01,UDR,830.7493515014648,3.767175382474585,651.6878433227539,10.62375270568584,368.087947845459,30.724805936684284
WalkerWalk,Jump Diffusion (Drift=0.0),Jump Probability,0.01,Jump Diffusion (Drift=0.0) | Jump Probability=0.01,RSDR (β=-10),825.3385314941406,4.51186018573472,656.8986282348633,15.44796347125339,391.18278884887695,22.78859352934374
WalkerWalk,Jump Diffusion (Drift=0.0),Jump Probability,0.01,Jump Diffusion (Drift=0.0) | Jump Probability=0.01,RSDR (β=-20),804.4524688720703,7.239064440823077,637.8087539672852,15.108463544353858,394.1422233581543,34.49594778254943
WalkerWalk,Jump Diffusion (Drift=0.0),Jump Probability,0.01,Jump Diffusion (Drift=0.0) | Jump Probability=0.01,RSDR (β=-30),754.1142654418945,7.885485237791556,609.9671859741211,12.140312401139658,382.3158645629883,17.647952161963886
WalkerWalk,Jump Diffusion (Drift=0.0),Jump Probability,0.05,Jump Diffusion (Drift=0.0) | Jump Probability=0.05,UDR,858.8965911865234,5.656183814726357,754.8042984008789,15.03399869141271,540.2402877807617,36.81334223177991
WalkerWalk,Jump Diffusion (Drift=0.0),Jump Probability,0.05,Jump Diffusion (Drift=0.0) | Jump Probability=0.05,RSDR (β=-10),851.7098388671875,5.3622425729998975,749.2696304321289,15.936803355720592,537.8567771911621,34.04680177844439
WalkerWalk,Jump Diffusion (Drift=0.0),Jump Probability,0.05,Jump Diffusion (Drift=0.0) | Jump Probability=0.05,RSDR (β=-20),829.5989379882812,8.296835098635368,728.143913269043,17.014432692549917,501.92319107055664,36.115349984350914
WalkerWalk,Jump Diffusion (Drift=0.0),Jump Probability,0.05,Jump Diffusion (Drift=0.0) | Jump Probability=0.05,RSDR (β=-30),774.4065475463867,13.498197843326615,686.7183837890625,19.924470995614257,485.3178939819336,25.194867136791927
WalkerWalk,Jump Diffusion (Drift=0.0),Jump Probability,0.1,Jump Diffusion (Drift=0.0) | Jump Probability=0.1,UDR,885.1345977783203,3.9221104460915805,828.3972244262695,10.869130943420735,593.8075180053711,42.21533868581227
WalkerWalk,Jump Diffusion (Drift=0.0),Jump Probability,0.1,Jump Diffusion (Drift=0.0) | Jump Probability=0.1,RSDR (β=-10),877.9233474731445,3.786408359796231,824.217658996582,11.479998055245293,605.1565551757812,42.15123682551211
WalkerWalk,Jump Diffusion (Drift=0.0),Jump Probability,0.1,Jump Diffusion (Drift=0.0) | Jump Probability=0.1,RSDR (β=-20),857.4758453369141,6.670318453334814,803.5195999145508,14.255901812020968,571.6130104064941,44.68502340619533
WalkerWalk,Jump Diffusion (Drift=0.0),Jump Probability,0.1,Jump Diffusion (Drift=0.0) | Jump Probability=0.1,RSDR (β=-30),800.1512069702148,12.866489029180382,750.5698165893555,18.866786210199546,560.4545440673828,23.84476921671934
WalkerWalk,Jump Diffusion (Drift=0.0001),Jump Probability,0.01,Jump Diffusion (Drift=0.0001) | Jump Probability=0.01,UDR,830.7307510375977,3.794352274678241,651.6840515136719,10.78586372132214,365.77418518066406,32.48576323788991
WalkerWalk,Jump Diffusion (Drift=0.0001),Jump Probability,0.01,Jump Diffusion (Drift=0.0001) | Jump Probability=0.01,RSDR (β=-10),825.3319244384766,4.540702053313304,656.5706558227539,15.703007991166757,391.6476707458496,27.26154362525377
WalkerWalk,Jump Diffusion (Drift=0.0001),Jump Probability,0.01,Jump Diffusion (Drift=0.0001) | Jump Probability=0.01,RSDR (β=-20),804.4238128662109,7.273213887705087,637.9945831298828,15.252045336129314,393.5413589477539,34.9361214831451
WalkerWalk,Jump Diffusion (Drift=0.0001),Jump Probability,0.01,Jump Diffusion (Drift=0.0001) | Jump Probability=0.01,RSDR (β=-30),754.1047439575195,7.982633757610654,609.8853759765625,12.000931877587265,379.4091453552246,17.543615989194233
WalkerWalk,Jump Diffusion (Drift=0.0001),Jump Probability,0.05,Jump Diffusion (Drift=0.0001) | Jump Probability=0.05,UDR,858.9219589233398,5.628098767373527,754.9883041381836,15.066849741434691,545.648624420166,34.949818039747555
WalkerWalk,Jump Diffusion (Drift=0.0001),Jump Probability,0.05,Jump Diffusion (Drift=0.0001) | Jump Probability=0.05,RSDR (β=-10),851.6645736694336,5.317195435572003,749.2176055908203,15.807233685311553,530.2582817077637,35.0295523366346
WalkerWalk,Jump Diffusion (Drift=0.0001),Jump Probability,0.05,Jump Diffusion (Drift=0.0001) | Jump Probability=0.05,RSDR (β=-20),829.6053237915039,8.283959308620515,728.3716049194336,16.71082408175521,511.57602310180664,33.129698646603615
WalkerWalk,Jump Diffusion (Drift=0.0001),Jump Probability,0.05,Jump Diffusion (Drift=0.0001) | Jump Probability=0.05,RSDR (β=-30),774.4136352539062,13.588853641034474,686.7690505981445,19.746165883337135,490.1372489929199,20.055409414440884
WalkerWalk,Jump Diffusion (Drift=0.0001),Jump Probability,0.1,Jump Diffusion (Drift=0.0001) | Jump Probability=0.1,UDR,885.1290740966797,3.8976643481935547,828.2637405395508,10.94597149061804,594.3123779296875,32.156897621577315
WalkerWalk,Jump Diffusion (Drift=0.0001),Jump Probability,0.1,Jump Diffusion (Drift=0.0001) | Jump Probability=0.1,RSDR (β=-10),877.9341201782227,3.750249461471717,824.1868896484375,11.477720554180747,607.1094665527344,41.83392447407845
WalkerWalk,Jump Diffusion (Drift=0.0001),Jump Probability,0.1,Jump Diffusion (Drift=0.0001) | Jump Probability=0.1,RSDR (β=-20),857.4446487426758,6.649951489162643,803.5786895751953,14.150838302021157,570.5332260131836,37.22788438508921
WalkerWalk,Jump Diffusion (Drift=0.0001),Jump Probability,0.1,Jump Diffusion (Drift=0.0001) | Jump Probability=0.1,RSDR (β=-30),800.2087020874023,12.85927898470421,750.4027481079102,19.021787278972663,558.1652984619141,24.91387558307188
WalkerWalk,Jump Diffusion (Drift=0.1),Jump Probability,0.2,Jump Diffusion (Drift=0.1) | Jump Probability=0.2,UDR,902.6565551757812,0.8195947792174852,879.6989135742188,2.5941871467144537,765.7047526041666,16.175989694037128
WalkerWalk,Jump Diffusion (Drift=0.2),Jump Probability,0.2,Jump Diffusion (Drift=0.2) | Jump Probability=0.2,UDR,904.6916910807291,0.7252846171041479,886.183349609375,2.1374152412350185,826.7707112630209,9.911860592522585
WalkerWalk,Jump Diffusion (Drift=0.3),Jump Probability,0.2,Jump Diffusion (Drift=0.3) | Jump Probability=0.2,UDR,906.0892944335938,0.6274255238463612,889.8995564778646,1.8734073347318507,846.2613118489584,6.230037482418744
WalkerWalk,Langevin (Noise=0.0),Gradient Scale,0.0,Langevin (Noise=0.0) | Gradient Scale=0.0,UDR,856.0020446777344,4.2900416610609176,613.8504638671875,14.492368923257253,291.8731002807617,37.15695190802758
WalkerWalk,Langevin (Noise=0.0),Gradient Scale,0.0,Langevin (Noise=0.0) | Gradient Scale=0.0,RSDR (β=-10),851.3832397460938,3.7417658823927837,643.8601531982422,15.10865049682512,389.26136779785156,30.65837980281934
WalkerWalk,Langevin (Noise=0.0),Gradient Scale,0.0,Langevin (Noise=0.0) | Gradient Scale=0.0,RSDR (β=-20),838.2549133300781,3.7129884909625273,655.10888671875,4.997957306141667,411.0138130187988,29.212726999346735
WalkerWalk,Langevin (Noise=0.0),Gradient Scale,0.0,Langevin (Noise=0.0) | Gradient Scale=0.0,RSDR (β=-30),793.0899658203125,6.049765312630119,647.7075500488281,5.734139798009155,422.598087310791,26.877327605204336
WalkerWalk,Langevin (Noise=0.0),Gradient Scale,0.001,Langevin (Noise=0.0) | Gradient Scale=0.001,UDR,839.7966384887695,4.532438996072079,534.3233795166016,15.465426185947766,247.32054138183594,34.54927685298623
WalkerWalk,Langevin (Noise=0.0),Gradient Scale,0.001,Langevin (Noise=0.0) | Gradient Scale=0.001,RSDR (β=-10),836.3678741455078,4.39811266966171,575.2198486328125,18.579982824491175,318.06031799316406,20.526198850514994
WalkerWalk,Langevin (Noise=0.0),Gradient Scale,0.001,Langevin (Noise=0.0) | Gradient Scale=0.001,RSDR (β=-20),823.7098770141602,4.029375169945799,590.9251708984375,6.682517459919069,337.7333679199219,24.50561316149312
WalkerWalk,Langevin (Noise=0.0),Gradient Scale,0.001,Langevin (Noise=0.0) | Gradient Scale=0.001,RSDR (β=-30),779.817985534668,5.93189987174394,592.5754470825195,8.132837386214453,336.59386444091797,22.176455368951572
WalkerWalk,Langevin (Noise=0.0),Gradient Scale,0.005,Langevin (Noise=0.0) | Gradient Scale=0.005,RSDR (β=-10),793.043830871582,6.50224990204928,488.8562431335449,24.84131738406191,251.55950736999512,26.649315575633533
WalkerWalk,Langevin (Noise=0.0),Gradient Scale,0.005,Langevin (Noise=0.0) | Gradient Scale=0.005,UDR,791.9477005004883,5.467316374403654,430.80725479125977,18.390372938082013,208.09002494812012,23.28476279702496
WalkerWalk,Langevin (Noise=0.0),Gradient Scale,0.005,Langevin (Noise=0.0) | Gradient Scale=0.005,RSDR (β=-20),783.0328521728516,5.003469675532525,513.904972076416,11.855698498555524,273.56921577453613,16.976678385647812
WalkerWalk,Langevin (Noise=0.0),Gradient Scale,0.005,Langevin (Noise=0.0) | Gradient Scale=0.005,RSDR (β=-30),743.4045867919922,5.694954030861584,522.7854423522949,12.339947635372985,287.2912178039551,20.564824442308925
WalkerWalk,Langevin (Noise=0.0),Gradient Scale,0.01,Langevin (Noise=0.0) | Gradient Scale=0.01,RSDR (β=-10),779.5874252319336,7.213709810151834,461.2086639404297,25.61060334032772,242.22027015686035,17.673692089974317
WalkerWalk,Langevin (Noise=0.0),Gradient Scale,0.01,Langevin (Noise=0.0) | Gradient Scale=0.01,UDR,776.4880294799805,6.081924575695027,399.0958442687988,20.201592985044208,203.10967636108398,22.216807318730506
WalkerWalk,Langevin (Noise=0.0),Gradient Scale,0.01,Langevin (Noise=0.0) | Gradient Scale=0.01,RSDR (β=-20),770.9094619750977,5.326378562406484,487.9278869628906,13.94249288063191,265.4010372161865,19.938985159124822
WalkerWalk,Langevin (Noise=0.0),Gradient Scale,0.01,Langevin (Noise=0.0) | Gradient Scale=0.01,RSDR (β=-30),732.9277267456055,5.588991457933612,498.26593017578125,12.918375796899529,277.9369239807129,18.138135257031593
WalkerWalk,Langevin (Noise=0.0),Gradient Scale,0.05,Langevin (Noise=0.0) | Gradient Scale=0.05,RSDR (β=-10),639.1085968017578,8.8522299005979,301.8807678222656,14.982236945696853,197.77093696594238,17.983192794383683
WalkerWalk,Langevin (Noise=0.0),Gradient Scale,0.05,Langevin (Noise=0.0) | Gradient Scale=0.05,RSDR (β=-20),636.0944366455078,7.883160040155215,319.76800537109375,14.2983696286666,217.99177932739258,20.14048131103464
WalkerWalk,Langevin (Noise=0.0),Gradient Scale,0.05,Langevin (Noise=0.0) | Gradient Scale=0.05,UDR,625.4428329467773,8.272337959935923,257.56438064575195,17.062771653587546,173.57728958129883,20.251282791777157
WalkerWalk,Langevin (Noise=0.0),Gradient Scale,0.05,Langevin (Noise=0.0) | Gradient Scale=0.05,RSDR (β=-30),615.0186462402344,6.638644855575592,332.55810165405273,15.601010157606812,217.9331874847412,19.853347083974466
WalkerWalk,Langevin (Noise=0.0),Gradient Scale,0.1,Langevin (Noise=0.0) | Gradient Scale=0.1,RSDR (β=-20),426.180965423584,16.405939824256322,241.7259578704834,21.546972443363586,199.06566429138184,17.29441071820279
WalkerWalk,Langevin (Noise=0.0),Gradient Scale,0.1,Langevin (Noise=0.0) | Gradient Scale=0.1,RSDR (β=-30),424.3856391906738,14.00634170389587,238.3036994934082,18.58160707306563,194.3503189086914,17.968726927074165
WalkerWalk,Langevin (Noise=0.0),Gradient Scale,0.1,Langevin (Noise=0.0) | Gradient Scale=0.1,RSDR (β=-10),419.3367805480957,13.097351062698745,217.89678955078125,13.125403126251765,180.9109592437744,17.617523185950134
WalkerWalk,Langevin (Noise=0.0),Gradient Scale,0.1,Langevin (Noise=0.0) | Gradient Scale=0.1,UDR,385.4347038269043,14.749837238145501,188.71138954162598,22.527678553760033,161.56637001037598,21.164102901299827
WalkerWalk,Langevin (Noise=0.0),Gradient Scale,0.5,Langevin (Noise=0.0) | Gradient Scale=0.5,RSDR (β=-20),440.21427154541016,18.219420821017835,237.4093780517578,24.75616717953926,200.54657173156738,18.78082901492553
WalkerWalk,Langevin (Noise=0.0),Gradient Scale,0.5,Langevin (Noise=0.0) | Gradient Scale=0.5,RSDR (β=-10),433.65412521362305,12.784539004518297,215.7817497253418,15.057238842737114,184.38235092163086,14.688526953265969
WalkerWalk,Langevin (Noise=0.0),Gradient Scale,0.5,Langevin (Noise=0.0) | Gradient Scale=0.5,RSDR (β=-30),431.96796798706055,17.75766286096438,234.0118007659912,22.56408031461274,191.8119716644287,20.696955984172735
WalkerWalk,Langevin (Noise=0.0),Gradient Scale,0.5,Langevin (Noise=0.0) | Gradient Scale=0.5,UDR,396.8227348327637,17.176062319041463,187.28815269470215,26.487951099170864,154.52951049804688,19.283765891211303
WalkerWalk,Langevin (Noise=0.0),Gradient Scale,1.0,Langevin (Noise=0.0) | Gradient Scale=1.0,RSDR (β=-20),460.49750900268555,17.197575947233336,239.5332374572754,24.095168940314593,198.84862327575684,18.85020104658462
WalkerWalk,Langevin (Noise=0.0),Gradient Scale,1.0,Langevin (Noise=0.0) | Gradient Scale=1.0,RSDR (β=-10),455.36583709716797,12.060833357164766,217.83398818969727,15.156244017667944,180.83198738098145,13.860882322005628
WalkerWalk,Langevin (Noise=0.0),Gradient Scale,1.0,Langevin (Noise=0.0) | Gradient Scale=1.0,RSDR (β=-30),449.76622009277344,16.67313556164496,235.82204818725586,22.032031515484878,187.91900634765625,20.114983397072667
WalkerWalk,Langevin (Noise=0.0),Gradient Scale,1.0,Langevin (Noise=0.0) | Gradient Scale=1.0,UDR,421.2002601623535,14.639610528908273,187.9930362701416,25.421037236018247,155.87014770507812,20.550513405984464
WalkerWalk,Langevin (Noise=0.0),Gradient Scale,2.0,Langevin (Noise=0.0) | Gradient Scale=2.0,RSDR (β=-20),484.33814239501953,16.410073232741205,241.47921752929688,23.459296075316093,199.2323341369629,18.32173107288644
WalkerWalk,Langevin (Noise=0.0),Gradient Scale,2.0,Langevin (Noise=0.0) | Gradient Scale=2.0,RSDR (β=-10),480.78960037231445,11.939663103939676,220.27609062194824,14.592029870166352,181.90441703796387,14.088534155012704
WalkerWalk,Langevin (Noise=0.0),Gradient Scale,2.0,Langevin (Noise=0.0) | Gradient Scale=2.0,RSDR (β=-30),471.65881729125977,14.82856011275513,239.4072036743164,21.403501620424144,191.45578002929688,22.834898323677972
WalkerWalk,Langevin (Noise=0.0),Gradient Scale,2.0,Langevin (Noise=0.0) | Gradient Scale=2.0,UDR,448.21855545043945,13.470364994123353,188.74666786193848,24.72469099425293,157.29727935791016,21.8777877478634
WalkerWalk,Langevin (Noise=0.0001),Gradient Scale,0.0,Langevin (Noise=0.0001) | Gradient Scale=0.0,UDR,856.0308074951172,4.284586340379357,613.9604034423828,14.440899408889607,295.67748641967773,34.93911734016678
WalkerWalk,Langevin (Noise=0.0001),Gradient Scale,0.0,Langevin (Noise=0.0001) | Gradient Scale=0.0,RSDR (β=-10),851.3890533447266,3.7394550733908387,643.9936676025391,15.21636342757563,394.2142524719238,29.214249458940646
WalkerWalk,Langevin (Noise=0.0001),Gradient Scale,0.0,Langevin (Noise=0.0001) | Gradient Scale=0.0,RSDR (β=-20),838.2444305419922,3.727391621553446,655.1988754272461,4.947371257792184,416.3962860107422,29.07975231344971
WalkerWalk,Langevin (Noise=0.0001),Gradient Scale,0.0,Langevin (Noise=0.0001) | Gradient Scale=0.0,RSDR (β=-30),793.1389694213867,6.038358558686445,647.8901062011719,5.877179339071778,430.2445983886719,21.721176245567158
WalkerWalk,Langevin (Noise=0.0001),Gradient Scale,0.001,Langevin (Noise=0.0001) | Gradient Scale=0.001,UDR,839.8110427856445,4.539266207119773,534.3605804443359,15.421750506402645,250.46534156799316,34.40270121523473
WalkerWalk,Langevin (Noise=0.0001),Gradient Scale,0.001,Langevin (Noise=0.0001) | Gradient Scale=0.001,RSDR (β=-10),836.3602752685547,4.422390742473077,575.151237487793,18.687200590723457,317.8697052001953,22.274411625657947
WalkerWalk,Langevin (Noise=0.0001),Gradient Scale,0.001,Langevin (Noise=0.0001) | Gradient Scale=0.001,RSDR (β=-20),823.6978073120117,4.031609019341126,590.7937240600586,6.785839299873957,339.78268814086914,27.622469699066052
WalkerWalk,Langevin (Noise=0.0001),Gradient Scale,0.001,Langevin (Noise=0.0001) | Gradient Scale=0.001,RSDR (β=-30),779.8014068603516,5.913891744853213,592.5727691650391,8.116795717920555,336.5649604797363,19.955683548673495
WalkerWalk,Langevin (Noise=0.0001),Gradient Scale,0.005,Langevin (Noise=0.0001) | Gradient Scale=0.005,RSDR (β=-10),794.3787002563477,6.492914355737854,496.9616928100586,24.72799054392227,269.9485607147217,32.74447451083851
WalkerWalk,Langevin (Noise=0.0001),Gradient Scale,0.005,Langevin (Noise=0.0001) | Gradient Scale=0.005,UDR,793.4757461547852,5.49879147626339,439.9509925842285,18.559135297696905,225.67184257507324,22.360580396726426
WalkerWalk,Langevin (Noise=0.0001),Gradient Scale,0.005,Langevin (Noise=0.0001) | Gradient Scale=0.005,RSDR (β=-20),784.247932434082,4.942002350058871,521.5979652404785,11.573631125100878,295.56315994262695,26.01024124955855
WalkerWalk,Langevin (Noise=0.0001),Gradient Scale,0.005,Langevin (Noise=0.0001) | Gradient Scale=0.005,RSDR (β=-30),744.5722045898438,5.6702869540355465,530.0829658508301,11.980534215008923,314.6081733703613,18.8409562462268
WalkerWalk,Langevin (Noise=0.0001),Gradient Scale,0.01,Langevin (Noise=0.0001) | Gradient Scale=0.01,RSDR (β=-10),781.7106399536133,7.153249130704509,473.118595123291,25.734463930769977,266.0445976257324,23.10158164479024
WalkerWalk,Langevin (Noise=0.0001),Gradient Scale,0.01,Langevin (Noise=0.0001) | Gradient Scale=0.01,UDR,778.7951736450195,6.064548383065795,411.46048736572266,20.049717503338734,213.50299263000488,24.763034944613775
WalkerWalk,Langevin (Noise=0.0001),Gradient Scale,0.01,Langevin (Noise=0.0001) | Gradient Scale=0.01,RSDR (β=-20),772.7675323486328,5.278258565189537,499.18880462646484,13.78273752228827,286.8910369873047,24.312645336011073
WalkerWalk,Langevin (Noise=0.0001),Gradient Scale,0.01,Langevin (Noise=0.0001) | Gradient Scale=0.01,RSDR (β=-30),734.7353286743164,5.645404222899121,508.9547805786133,12.352236162417334,299.50268173217773,9.164952125470258
WalkerWalk,Langevin (Noise=0.0001),Gradient Scale,0.05,Langevin (Noise=0.0001) | Gradient Scale=0.05,RSDR (β=-10),750.8112869262695,8.48689426845091,452.5082893371582,26.000529512895994,279.64148712158203,21.115416673206603
WalkerWalk,Langevin (Noise=0.0001),Gradient Scale,0.05,Langevin (Noise=0.0001) | Gradient Scale=0.05,RSDR (β=-20),744.432731628418,6.1599900681520925,481.48086166381836,14.586843161630568,295.6937370300293,16.97624727760741
WalkerWalk,Langevin (Noise=0.0001),Gradient Scale,0.05,Langevin (Noise=0.0001) | Gradient Scale=0.05,UDR,743.5898208618164,7.09230771348012,385.3795852661133,21.781489768763464,222.21740531921387,25.984248611290894
WalkerWalk,Langevin (Noise=0.0001),Gradient Scale,0.05,Langevin (Noise=0.0001) | Gradient Scale=0.05,RSDR (β=-30),711.6162948608398,5.783963068949189,495.70320892333984,14.367712611373635,305.6780128479004,22.716359950085177
WalkerWalk,Langevin (Noise=0.0001),Gradient Scale,0.1,Langevin (Noise=0.0001) | Gradient Scale=0.1,RSDR (β=-10),751.153450012207,8.565943165733058,494.2542152404785,26.25429841917661,321.85594940185547,30.321317486516204
WalkerWalk,Langevin (Noise=0.0001),Gradient Scale,0.1,Langevin (Noise=0.0001) | Gradient Scale=0.1,RSDR (β=-20),744.9569702148438,6.281423551204406,523.9430465698242,12.997158209726766,345.9877395629883,21.5534635443582
WalkerWalk,Langevin (Noise=0.0001),Gradient Scale,0.1,Langevin (Noise=0.0001) | Gradient Scale=0.1,UDR,743.3162612915039,7.504477829882418,428.29633712768555,21.7709646834441,250.37330627441406,29.760820179000753
WalkerWalk,Langevin (Noise=0.0001),Gradient Scale,0.1,Langevin (Noise=0.0001) | Gradient Scale=0.1,RSDR (β=-30),714.7613143920898,6.376855052785164,537.8224334716797,15.267405645728893,370.55493545532227,25.8454491452998
WalkerWalk,Langevin (Noise=0.0001),Gradient Scale,0.5,Langevin (Noise=0.0001) | Gradient Scale=0.5,UDR,858.9740142822266,4.28305858205854,807.0294418334961,7.494662357094965,690.4744033813477,21.599962345894788
WalkerWalk,Langevin (Noise=0.0001),Gradient Scale,0.5,Langevin (Noise=0.0001) | Gradient Scale=0.5,RSDR (β=-10),855.025260925293,5.422099005038784,810.5338134765625,12.22022423980287,691.1727600097656,26.354797160618528
WalkerWalk,Langevin (Noise=0.0001),Gradient Scale,0.5,Langevin (Noise=0.0001) | Gradient Scale=0.5,RSDR (β=-20),846.179443359375,5.565282498414884,802.4492645263672,10.837498046242324,695.7805099487305,29.38364668696041
WalkerWalk,Langevin (Noise=0.0001),Gradient Scale,0.5,Langevin (Noise=0.0001) | Gradient Scale=0.5,RSDR (β=-30),811.28173828125,10.852928273454234,763.9471969604492,15.50494772842394,672.4710540771484,23.25073354783353
WalkerWalk,Langevin (Noise=0.0001),Gradient Scale,1.0,Langevin (Noise=0.0001) | Gradient Scale=1.0,UDR,812.5369415283203,8.353603511565494,680.0661163330078,17.536773591724113,442.34893798828125,34.18677085725759
WalkerWalk,Langevin (Noise=0.0001),Gradient Scale,1.0,Langevin (Noise=0.0001) | Gradient Scale=1.0,RSDR (β=-10),804.8504104614258,8.588560511725788,676.6404342651367,22.54305586268491,458.3653869628906,27.826259023589888
WalkerWalk,Langevin (Noise=0.0001),Gradient Scale,1.0,Langevin (Noise=0.0001) | Gradient Scale=1.0,RSDR (β=-20),784.7399139404297,11.97393099903615,657.3905487060547,24.69662152219617,426.8658676147461,29.948114550050235
WalkerWalk,Langevin (Noise=0.0001),Gradient Scale,1.0,Langevin (Noise=0.0001) | Gradient Scale=1.0,RSDR (β=-30),743.179801940918,14.340857253724788,630.2733306884766,21.887787555260353,424.557559967041,26.12809582636075
WalkerWalk,Langevin (Noise=0.0001),Gradient Scale,2.0,Langevin (Noise=0.0001) | Gradient Scale=2.0,UDR,757.9904556274414,11.368195264259864,586.08544921875,14.679818050625977,410.35205078125,14.733694035005772
WalkerWalk,Langevin (Noise=0.0001),Gradient Scale,2.0,Langevin (Noise=0.0001) | Gradient Scale=2.0,RSDR (β=-10),753.5738220214844,11.249582343825866,584.5363616943359,22.279691900918063,401.90545654296875,18.81032730059197
WalkerWalk,Langevin (Noise=0.0001),Gradient Scale,2.0,Langevin (Noise=0.0001) | Gradient Scale=2.0,RSDR (β=-20),736.3617782592773,13.23523486505177,567.5172348022461,20.656526956669506,390.4770622253418,20.039777605108334
WalkerWalk,Langevin (Noise=0.0001),Gradient Scale,2.0,Langevin (Noise=0.0001) | Gradient Scale=2.0,RSDR (β=-30),701.6342849731445,15.651913428699457,551.7862930297852,16.636082003854803,388.56360244750977,17.44470660259481
WalkerWalk,Langevin (Noise=0.0005),Gradient Scale,0.001,Langevin (Noise=0.0005) | Gradient Scale=0.001,UDR,840.3877563476562,4.525491723123733,536.0455703735352,15.453444026317298,251.89684867858887,33.719227671236986
WalkerWalk,Langevin (Noise=0.0005),Gradient Scale,0.001,Langevin (Noise=0.0005) | Gradient Scale=0.001,RSDR (β=-10),836.8902053833008,4.376729693261116,576.3159484863281,18.54614172215944,327.2678031921387,19.517224211598645
WalkerWalk,Langevin (Noise=0.0005),Gradient Scale,0.001,Langevin (Noise=0.0005) | Gradient Scale=0.001,RSDR (β=-20),824.2166595458984,3.9982529971363894,591.8629608154297,6.884607090764927,346.6647262573242,23.628578373407112
WalkerWalk,Langevin (Noise=0.0005),Gradient Scale,0.001,Langevin (Noise=0.0005) | Gradient Scale=0.001,RSDR (β=-30),780.332893371582,5.90755720615075,593.5651245117188,8.162423525282856,353.2159996032715,19.96506417568356
WalkerWalk,Langevin (Noise=0.0005),Gradient Scale,0.005,Langevin (Noise=0.0005) | Gradient Scale=0.005,RSDR (β=-10),792.1042556762695,6.5292189642529195,495.1562957763672,24.769884813816503,271.5283489227295,33.68751495762508
WalkerWalk,Langevin (Noise=0.0005),Gradient Scale,0.005,Langevin (Noise=0.0005) | Gradient Scale=0.005,UDR,791.0330581665039,5.536124403365397,437.8573341369629,18.41636038183666,225.67512321472168,24.52189657255225
WalkerWalk,Langevin (Noise=0.0005),Gradient Scale,0.005,Langevin (Noise=0.0005) | Gradient Scale=0.005,RSDR (β=-20),782.0140151977539,4.963035812466472,519.8706283569336,11.653488216358465,291.4037628173828,26.364696095430066
WalkerWalk,Langevin (Noise=0.0005),Gradient Scale,0.005,Langevin (Noise=0.0005) | Gradient Scale=0.005,RSDR (β=-30),742.612060546875,5.718787399430918,528.555362701416,12.140775217258952,310.158016204834,19.558233705653294
WalkerWalk,Langevin (Noise=0.0005),Gradient Scale,0.01,Langevin (Noise=0.0005) | Gradient Scale=0.01,RSDR (β=-10),780.2523193359375,7.172973831074702,470.89881134033203,25.703961534078804,266.33569526672363,24.59318159609843
WalkerWalk,Langevin (Noise=0.0005),Gradient Scale,0.01,Langevin (Noise=0.0005) | Gradient Scale=0.01,UDR,777.1897354125977,6.095285313780928,408.9274787902832,19.984955708932887,213.29011726379395,25.327691911374536
WalkerWalk,Langevin (Noise=0.0005),Gradient Scale,0.01,Langevin (Noise=0.0005) | Gradient Scale=0.01,RSDR (β=-20),771.400276184082,5.311678131727597,497.2848243713379,13.741430020760086,287.68522453308105,26.143630786952567
WalkerWalk,Langevin (Noise=0.0005),Gradient Scale,0.01,Langevin (Noise=0.0005) | Gradient Scale=0.01,RSDR (β=-30),733.5441970825195,5.6646562260539035,507.1250686645508,12.629557181493528,297.2665481567383,13.590886878229938
WalkerWalk,Langevin (Noise=0.0005),Gradient Scale,0.05,Langevin (Noise=0.0005) | Gradient Scale=0.05,RSDR (β=-10),749.1388549804688,8.523476654753013,441.4886245727539,25.700890563175818,264.0239772796631,18.063691675664543
WalkerWalk,Langevin (Noise=0.0005),Gradient Scale,0.05,Langevin (Noise=0.0005) | Gradient Scale=0.05,RSDR (β=-20),742.8506469726562,6.219944893186411,470.5153923034668,14.851139523488925,281.2077407836914,19.5502090158124
WalkerWalk,Langevin (Noise=0.0005),Gradient Scale,0.05,Langevin (Noise=0.0005) | Gradient Scale=0.05,UDR,741.6722412109375,7.08700108786814,373.87428283691406,22.12243005864588,213.90340042114258,28.83547529622575
WalkerWalk,Langevin (Noise=0.0005),Gradient Scale,0.05,Langevin (Noise=0.0005) | Gradient Scale=0.05,RSDR (β=-30),709.8998031616211,5.820428527000167,485.04027557373047,14.797551695497482,292.36656951904297,23.03268522923188
WalkerWalk,Langevin (Noise=0.0005),Gradient Scale,0.1,Langevin (Noise=0.0005) | Gradient Scale=0.1,RSDR (β=-10),745.0615844726562,8.805535214361305,473.8081588745117,26.255796910653537,291.9680709838867,20.449324252708728
WalkerWalk,Langevin (Noise=0.0005),Gradient Scale,0.1,Langevin (Noise=0.0005) | Gradient Scale=0.1,RSDR (β=-20),739.301628112793,6.384693509969584,503.62768173217773,13.780822894301144,311.7265090942383,21.422761911724816
WalkerWalk,Langevin (Noise=0.0005),Gradient Scale,0.1,Langevin (Noise=0.0005) | Gradient Scale=0.1,UDR,736.5312652587891,7.545949405015094,405.2126770019531,22.572245063234554,235.25366592407227,30.008840862877417
WalkerWalk,Langevin (Noise=0.0005),Gradient Scale,0.1,Langevin (Noise=0.0005) | Gradient Scale=0.1,RSDR (β=-30),709.2550354003906,6.2300405970312625,518.4646530151367,15.60695233534079,326.8896827697754,26.296893794547394
WalkerWalk,Langevin (Noise=0.0005),Gradient Scale,0.5,Langevin (Noise=0.0005) | Gradient Scale=0.5,UDR,844.2357330322266,4.978904180373481,773.7260589599609,8.965391559358014,571.937858581543,25.993632260947237
WalkerWalk,Langevin (Noise=0.0005),Gradient Scale,0.5,Langevin (Noise=0.0005) | Gradient Scale=0.5,RSDR (β=-10),841.8022003173828,6.1434658151096055,782.5973815917969,13.704899143646136,618.1442260742188,41.77815799729977
WalkerWalk,Langevin (Noise=0.0005),Gradient Scale,0.5,Langevin (Noise=0.0005) | Gradient Scale=0.5,RSDR (β=-20),832.9214782714844,6.409905031948944,776.1780166625977,12.300173163069521,619.7018585205078,33.83468229385073
WalkerWalk,Langevin (Noise=0.0005),Gradient Scale,0.5,Langevin (Noise=0.0005) | Gradient Scale=0.5,RSDR (β=-30),799.9540939331055,11.37627755404075,744.1241683959961,17.835351620866366,618.2631683349609,46.378088579535515
WalkerWalk,Langevin (Noise=0.0005),Gradient Scale,1.0,Langevin (Noise=0.0005) | Gradient Scale=1.0,UDR,795.6406631469727,9.215324836771075,642.0189056396484,17.448533908487583,457.3886260986328,22.891794020565392
WalkerWalk,Langevin (Noise=0.0005),Gradient Scale,1.0,Langevin (Noise=0.0005) | Gradient Scale=1.0,RSDR (β=-10),788.1915283203125,9.835085312756965,639.0085830688477,25.64228684103409,455.88244247436523,29.59616778296261
WalkerWalk,Langevin (Noise=0.0005),Gradient Scale,1.0,Langevin (Noise=0.0005) | Gradient Scale=1.0,RSDR (β=-20),767.3224792480469,12.951754425237874,619.1684799194336,25.46326731703873,437.1913528442383,28.74720154319328
WalkerWalk,Langevin (Noise=0.0005),Gradient Scale,1.0,Langevin (Noise=0.0005) | Gradient Scale=1.0,RSDR (β=-30),727.6373443603516,14.39467830620853,597.9456100463867,20.86425916990542,427.438663482666,24.66656387494358
WalkerWalk,Langevin (Noise=0.0005),Gradient Scale,2.0,Langevin (Noise=0.0005) | Gradient Scale=2.0,UDR,744.6825103759766,11.750391517950503,563.6724166870117,14.532649307064673,379.86632919311523,24.4742539232873
WalkerWalk,Langevin (Noise=0.0005),Gradient Scale,2.0,Langevin (Noise=0.0005) | Gradient Scale=2.0,RSDR (β=-10),740.9326629638672,12.08047949574978,563.3715133666992,22.91101454061319,389.5952339172363,16.036348609437113
WalkerWalk,Langevin (Noise=0.0005),Gradient Scale,2.0,Langevin (Noise=0.0005) | Gradient Scale=2.0,RSDR (β=-20),724.1999816894531,13.304193594460918,544.955997467041,19.718449060632256,377.90365982055664,17.86646192180608
WalkerWalk,Langevin (Noise=0.0005),Gradient Scale,2.0,Langevin (Noise=0.0005) | Gradient Scale=2.0,RSDR (β=-30),691.0115127563477,15.442098668673442,532.1863861083984,15.555770146199913,377.2978324890137,29.13663910502024
WalkerWalk,Langevin (Noise=0.001),Gradient Scale,0.001,Langevin (Noise=0.001) | Gradient Scale=0.001,UDR,841.4096527099609,4.525514867748784,539.079963684082,15.406364155935375,255.49084854125977,29.43640489809419
WalkerWalk,Langevin (Noise=0.001),Gradient Scale,0.001,Langevin (Noise=0.001) | Gradient Scale=0.001,RSDR (β=-10),837.93994140625,4.355756493117068,579.2240753173828,18.574858088895812,332.83763122558594,28.84248169534211
WalkerWalk,Langevin (Noise=0.001),Gradient Scale,0.001,Langevin (Noise=0.001) | Gradient Scale=0.001,RSDR (β=-20),825.2372970581055,3.9664352880506777,594.2148208618164,6.810078210470628,350.7385711669922,16.87811256792684
WalkerWalk,Langevin (Noise=0.001),Gradient Scale,0.001,Langevin (Noise=0.001) | Gradient Scale=0.001,RSDR (β=-30),781.2956924438477,5.933474401461053,595.6106033325195,7.947203785310324,359.1894989013672,17.167411884452797
WalkerWalk,Langevin (Noise=0.001),Gradient Scale,0.005,Langevin (Noise=0.001) | Gradient Scale=0.005,RSDR (β=-10),790.9406127929688,6.546960156772869,495.64356994628906,24.66876096726145,273.0128746032715,33.165647589347024
WalkerWalk,Langevin (Noise=0.001),Gradient Scale,0.005,Langevin (Noise=0.001) | Gradient Scale=0.005,UDR,789.8145523071289,5.563153843020906,438.13829803466797,18.290888526450924,226.75202178955078,26.68235693182938
WalkerWalk,Langevin (Noise=0.001),Gradient Scale,0.005,Langevin (Noise=0.001) | Gradient Scale=0.005,RSDR (β=-20),780.8833923339844,4.966828435406785,520.209285736084,11.644304510028569,291.4372081756592,25.692255098671858
WalkerWalk,Langevin (Noise=0.001),Gradient Scale,0.005,Langevin (Noise=0.001) | Gradient Scale=0.005,RSDR (β=-30),741.6354904174805,5.6822112505534,528.8099060058594,12.282136872845122,312.0502700805664,23.528793133342564
WalkerWalk,Langevin (Noise=0.001),Gradient Scale,0.01,Langevin (Noise=0.001) | Gradient Scale=0.01,RSDR (β=-10),778.3156280517578,7.245022439918802,469.62841033935547,25.73212750171831,269.95251083374023,23.638168319922485
WalkerWalk,Langevin (Noise=0.001),Gradient Scale,0.01,Langevin (Noise=0.001) | Gradient Scale=0.01,UDR,775.0129241943359,6.130657385544901,407.23037338256836,20.196212628192797,215.1823215484619,25.343849215872208
WalkerWalk,Langevin (Noise=0.001),Gradient Scale,0.01,Langevin (Noise=0.001) | Gradient Scale=0.01,RSDR (β=-20),769.5337905883789,5.3448592506101535,496.26646423339844,13.814519547133969,289.967529296875,24.462247550134585
WalkerWalk,Langevin (Noise=0.001),Gradient Scale,0.01,Langevin (Noise=0.001) | Gradient Scale=0.01,RSDR (β=-30),731.9472122192383,5.595383130608653,505.82007598876953,12.694209696213218,296.6428337097168,9.072068512158234
WalkerWalk,Langevin (Noise=0.001),Gradient Scale,0.05,Langevin (Noise=0.001) | Gradient Scale=0.05,RSDR (β=-10),747.5137023925781,8.597275501126214,434.2679023742676,25.42657473069718,259.10376930236816,17.89046248726939
WalkerWalk,Langevin (Noise=0.001),Gradient Scale,0.05,Langevin (Noise=0.001) | Gradient Scale=0.05,RSDR (β=-20),741.3277816772461,6.253959352259016,463.2405891418457,14.999547513749524,282.20539474487305,21.71966828236069
WalkerWalk,Langevin (Noise=0.001),Gradient Scale,0.05,Langevin (Noise=0.001) | Gradient Scale=0.05,UDR,739.969123840332,7.118002679941838,366.8353614807129,22.057304481907835,207.7074737548828,27.030259945973768
WalkerWalk,Langevin (Noise=0.001),Gradient Scale,0.05,Langevin (Noise=0.001) | Gradient Scale=0.05,RSDR (β=-30),708.3982467651367,5.749005000099415,477.70623779296875,14.823067119036605,278.9606533050537,13.460377050404079
WalkerWalk,Langevin (Noise=0.001),Gradient Scale,0.1,Langevin (Noise=0.001) | Gradient Scale=0.1,RSDR (β=-10),740.9225158691406,8.99649674534325,458.1353073120117,25.749677756560537,274.6001796722412,19.73220323064329
WalkerWalk,Langevin (Noise=0.001),Gradient Scale,0.1,Langevin (Noise=0.001) | Gradient Scale=0.1,RSDR (β=-20),735.4120330810547,6.475235374730939,487.574275970459,14.355049187977984,298.83924102783203,16.70856000034
WalkerWalk,Langevin (Noise=0.001),Gradient Scale,0.1,Langevin (Noise=0.001) | Gradient Scale=0.1,UDR,731.9742126464844,7.647575007289268,388.8105888366699,22.815780175252847,225.20843887329102,25.648418155960147
WalkerWalk,Langevin (Noise=0.001),Gradient Scale,0.1,Langevin (Noise=0.001) | Gradient Scale=0.1,RSDR (β=-30),705.4251098632812,6.180578983888813,503.1922073364258,15.828171005574847,316.97168350219727,23.951264194355346
WalkerWalk,Langevin (Noise=0.001),Gradient Scale,0.5,Langevin (Noise=0.001) | Gradient Scale=0.5,RSDR (β=-10),822.0587768554688,7.014017789586238,734.2697677612305,15.63328610318465,481.35082244873047,52.135654241105165
WalkerWalk,Langevin (Noise=0.001),Gradient Scale,0.5,Langevin (Noise=0.001) | Gradient Scale=0.5,UDR,822.0431442260742,6.1595648389474915,718.6587295532227,12.363605065456829,460.33861923217773,45.10251153568816
WalkerWalk,Langevin (Noise=0.001),Gradient Scale,0.5,Langevin (Noise=0.001) | Gradient Scale=0.5,RSDR (β=-20),812.9006958007812,7.446427501454673,728.9472198486328,13.631322710036132,463.00825119018555,34.29777556307719
WalkerWalk,Langevin (Noise=0.001),Gradient Scale,0.5,Langevin (Noise=0.001) | Gradient Scale=0.5,RSDR (β=-30),782.8635559082031,11.970222052965477,707.3996429443359,19.26523298503085,467.3941535949707,25.46642115080017
WalkerWalk,Langevin (Noise=0.001),Gradient Scale,1.0,Langevin (Noise=0.001) | Gradient Scale=1.0,UDR,779.4475326538086,9.718629882527573,614.2220458984375,15.55882911704029,418.2719917297363,20.87591650426349
WalkerWalk,Langevin (Noise=0.001),Gradient Scale,1.0,Langevin (Noise=0.001) | Gradient Scale=1.0,RSDR (β=-10),772.539909362793,10.350060394877874,612.6616287231445,23.372869369381515,408.6343421936035,11.849979388191322
WalkerWalk,Langevin (Noise=0.001),Gradient Scale,1.0,Langevin (Noise=0.001) | Gradient Scale=1.0,RSDR (β=-20),751.5058288574219,13.175517309789885,592.596809387207,21.96777477699876,405.76386642456055,31.96226295046593
WalkerWalk,Langevin (Noise=0.001),Gradient Scale,1.0,Langevin (Noise=0.001) | Gradient Scale=1.0,RSDR (β=-30),713.2979049682617,14.069431059669206,573.5340728759766,17.937550866099492,396.9776268005371,30.09817524363424
WalkerWalk,Langevin (Noise=0.001),Gradient Scale,2.0,Langevin (Noise=0.001) | Gradient Scale=2.0,UDR,736.8662414550781,11.66760363832074,554.608512878418,13.154753395272369,399.26173400878906,23.482551486040467
WalkerWalk,Langevin (Noise=0.001),Gradient Scale,2.0,Langevin (Noise=0.001) | Gradient Scale=2.0,RSDR (β=-10),733.372917175293,11.819125582181377,554.5995864868164,20.999951413819364,408.7885971069336,25.810472560095914
WalkerWalk,Langevin (Noise=0.001),Gradient Scale,2.0,Langevin (Noise=0.001) | Gradient Scale=2.0,RSDR (β=-20),716.3766479492188,13.251210801227895,535.8865737915039,18.32553286758491,396.0187873840332,23.164668384457077
WalkerWalk,Langevin (Noise=0.001),Gradient Scale,2.0,Langevin (Noise=0.001) | Gradient Scale=2.0,RSDR (β=-30),684.1985778808594,14.984541105166667,524.5865058898926,14.908456872119537,373.61754989624023,24.19548228172144
WalkerWalk,Langevin (Noise=0.005),Gradient Scale,0.0,Langevin (Noise=0.005) | Gradient Scale=0.0,UDR,855.5859603881836,4.183975829707185,630.726188659668,13.714151511770444,331.2839698791504,39.36054563665688
WalkerWalk,Langevin (Noise=0.005),Gradient Scale,0.0,Langevin (Noise=0.005) | Gradient Scale=0.0,RSDR (β=-10),851.0551452636719,3.750792628577711,658.989616394043,15.451266893309906,428.2197685241699,27.33018715488232
WalkerWalk,Langevin (Noise=0.005),Gradient Scale,0.0,Langevin (Noise=0.005) | Gradient Scale=0.0,RSDR (β=-20),837.7298049926758,3.793933418608461,668.8766860961914,4.850715014068912,441.50831604003906,26.32853695501787
WalkerWalk,Langevin (Noise=0.005),Gradient Scale,0.0,Langevin (Noise=0.005) | Gradient Scale=0.0,RSDR (β=-30),792.4836349487305,5.853282421721382,661.549560546875,6.388794296483009,472.80406188964844,31.389123320518973
WalkerWalk,Langevin (Noise=0.005),Gradient Scale,0.001,Langevin (Noise=0.005) | Gradient Scale=0.001,UDR,849.0049896240234,4.341426071916455,596.5717697143555,14.609980148307411,284.3736743927002,39.18107858008768
WalkerWalk,Langevin (Noise=0.005),Gradient Scale,0.001,Langevin (Noise=0.005) | Gradient Scale=0.001,RSDR (β=-10),845.1190490722656,4.057035297829408,629.8505477905273,17.139439151737047,360.4652214050293,26.735668824029787
WalkerWalk,Langevin (Noise=0.005),Gradient Scale,0.001,Langevin (Noise=0.005) | Gradient Scale=0.001,RSDR (β=-20),832.1282501220703,3.9144793926282615,642.3011932373047,5.74954987270306,393.2993698120117,26.518169400732724
WalkerWalk,Langevin (Noise=0.005),Gradient Scale,0.001,Langevin (Noise=0.005) | Gradient Scale=0.001,RSDR (β=-30),787.6478042602539,5.7877755607986625,639.4900131225586,7.418602901432521,410.1022758483887,35.556193861273385
WalkerWalk,Langevin (Noise=0.005),Gradient Scale,0.005,Langevin (Noise=0.005) | Gradient Scale=0.005,UDR,817.1084671020508,5.047165424634721,484.6632881164551,17.965691963286314,247.1574249267578,36.19102028437174
WalkerWalk,Langevin (Noise=0.005),Gradient Scale,0.005,Langevin (Noise=0.005) | Gradient Scale=0.005,RSDR (β=-10),816.3660049438477,5.468101379803722,536.7390022277832,22.983143979868636,306.46300506591797,22.505340653327867
WalkerWalk,Langevin (Noise=0.005),Gradient Scale,0.005,Langevin (Noise=0.005) | Gradient Scale=0.005,RSDR (β=-20),804.9234619140625,4.488891594197218,557.9779586791992,10.225960865868696,323.20333099365234,23.087363005834632
WalkerWalk,Langevin (Noise=0.005),Gradient Scale,0.005,Langevin (Noise=0.005) | Gradient Scale=0.005,RSDR (β=-30),763.525146484375,5.567626403376998,564.3818206787109,10.786718228944359,332.0069580078125,23.0890946530268
WalkerWalk,Langevin (Noise=0.005),Gradient Scale,0.01,Langevin (Noise=0.005) | Gradient Scale=0.01,RSDR (β=-10),790.2222061157227,6.7604759781821215,492.9877586364746,25.713416569197513,285.5099124908447,26.772937050398767
WalkerWalk,Langevin (Noise=0.005),Gradient Scale,0.01,Langevin (Noise=0.005) | Gradient Scale=0.01,UDR,788.0234832763672,5.801840784200817,433.63329696655273,19.920610009756913,234.7975025177002,33.36668183924124
WalkerWalk,Langevin (Noise=0.005),Gradient Scale,0.01,Langevin (Noise=0.005) | Gradient Scale=0.01,RSDR (β=-20),780.6199569702148,5.063630220270267,518.6509666442871,12.677864917677454,298.8966865539551,24.43837602457931
WalkerWalk,Langevin (Noise=0.005),Gradient Scale,0.01,Langevin (Noise=0.005) | Gradient Scale=0.01,RSDR (β=-30),742.1031341552734,5.510539010543678,527.4215316772461,12.426508791399026,312.31712341308594,24.55885900811263
WalkerWalk,Langevin (Noise=0.005),Gradient Scale,0.05,Langevin (Noise=0.005) | Gradient Scale=0.05,RSDR (β=-10),747.7361373901367,8.653980863102932,433.692928314209,25.778159112614677,258.73887062072754,19.07712176139426
WalkerWalk,Langevin (Noise=0.005),Gradient Scale,0.05,Langevin (Noise=0.005) | Gradient Scale=0.05,RSDR (β=-20),741.4265823364258,6.245152528410608,462.4721984863281,15.363202390261062,280.4076461791992,19.344447368734922
WalkerWalk,Langevin (Noise=0.005),Gradient Scale,0.05,Langevin (Noise=0.005) | Gradient Scale=0.05,UDR,739.9793395996094,7.028927332983868,366.29227447509766,22.09452946623335,211.22532081604004,29.283282122362344
WalkerWalk,Langevin (Noise=0.005),Gradient Scale,0.05,Langevin (Noise=0.005) | Gradient Scale=0.05,RSDR (β=-30),708.535514831543,5.706328973133361,476.3323554992676,15.030284266727413,282.7505168914795,16.926377474933723
WalkerWalk,Langevin (Noise=0.005),Gradient Scale,0.1,Langevin (Noise=0.005) | Gradient Scale=0.1,RSDR (β=-10),730.7486724853516,9.437078736781723,426.61370849609375,25.592339192251643,257.1227722167969,17.99164672890021
WalkerWalk,Langevin (Noise=0.005),Gradient Scale,0.1,Langevin (Noise=0.005) | Gradient Scale=0.1,RSDR (β=-20),725.8805160522461,6.859245873260216,455.73155975341797,16.431971089939612,278.70936584472656,18.368268159091663
WalkerWalk,Langevin (Noise=0.005),Gradient Scale,0.1,Langevin (Noise=0.005) | Gradient Scale=0.1,UDR,720.6568908691406,7.7681462585145065,356.99920654296875,22.918319483239078,206.97255516052246,26.667279479053473
WalkerWalk,Langevin (Noise=0.005),Gradient Scale,0.1,Langevin (Noise=0.005) | Gradient Scale=0.1,RSDR (β=-30),696.1697311401367,6.279816091262515,470.55569076538086,16.550967454006592,283.3448143005371,14.496449592962437
WalkerWalk,Langevin (Noise=0.005),Gradient Scale,0.5,Langevin (Noise=0.005) | Gradient Scale=0.5,RSDR (β=-10),662.690185546875,14.67422528616716,454.8893356323242,25.871175484212603,318.86322021484375,18.961784184808174
WalkerWalk,Langevin (Noise=0.005),Gradient Scale,0.5,Langevin (Noise=0.005) | Gradient Scale=0.5,RSDR (β=-20),657.5778274536133,11.22840371934745,460.24160385131836,16.327460474737,319.32359313964844,21.117687331656487
WalkerWalk,Langevin (Noise=0.005),Gradient Scale,0.5,Langevin (Noise=0.005) | Gradient Scale=0.5,RSDR (β=-30),644.3591613769531,13.128673007167832,464.5755043029785,16.75633634102726,307.9657974243164,17.805229545978854
WalkerWalk,Langevin (Noise=0.005),Gradient Scale,0.5,Langevin (Noise=0.005) | Gradient Scale=0.5,UDR,643.8418807983398,11.155960669414512,409.33007431030273,20.471684229055757,270.8691635131836,18.93587615596359
WalkerWalk,Langevin (Noise=0.005),Gradient Scale,1.0,Langevin (Noise=0.005) | Gradient Scale=1.0,RSDR (β=-10),679.5237350463867,12.385276175566263,491.59549713134766,17.47760323032255,328.70442962646484,18.236125035413384
WalkerWalk,Langevin (Noise=0.005),Gradient Scale,1.0,Langevin (Noise=0.005) | Gradient Scale=1.0,UDR,679.4776916503906,9.820638939777579,479.89351654052734,10.210713712065631,318.30185317993164,21.450069880886414
WalkerWalk,Langevin (Noise=0.005),Gradient Scale,1.0,Langevin (Noise=0.005) | Gradient Scale=1.0,RSDR (β=-20),662.40087890625,12.440856342199721,476.39998626708984,14.45239290121264,314.8413314819336,20.43300328545326
WalkerWalk,Langevin (Noise=0.005),Gradient Scale,1.0,Langevin (Noise=0.005) | Gradient Scale=1.0,RSDR (β=-30),633.9723129272461,10.627284865272,465.07694244384766,10.86948242179992,304.9313163757324,18.331107547271213
WalkerWalk,Langevin (Noise=0.005),Gradient Scale,2.0,Langevin (Noise=0.005) | Gradient Scale=2.0,RSDR (β=-10),667.0891418457031,12.96749679638922,483.19141006469727,15.481259760850044,334.98839569091797,14.339380507970233
WalkerWalk,Langevin (Noise=0.005),Gradient Scale,2.0,Langevin (Noise=0.005) | Gradient Scale=2.0,UDR,665.6716003417969,10.793171736357833,473.17113494873047,9.273974890850164,313.74626541137695,19.186417662903125
WalkerWalk,Langevin (Noise=0.005),Gradient Scale,2.0,Langevin (Noise=0.005) | Gradient Scale=2.0,RSDR (β=-20),652.8031768798828,12.33229721211005,469.2879447937012,13.631561144763653,328.91137313842773,23.006133987759807
WalkerWalk,Langevin (Noise=0.005),Gradient Scale,2.0,Langevin (Noise=0.005) | Gradient Scale=2.0,RSDR (β=-30),627.2163543701172,12.776698640561802,460.84313201904297,9.403730809831107,332.00843048095703,24.010571148055966
WalkerWalk,Langevin (Noise=0.05),Gradient Scale,0.01,Langevin (Noise=0.05) | Gradient Scale=0.01,UDR,833.4041976928711,4.3215398877229925,711.8669891357422,11.020810148537551,440.9370918273926,54.143079344758135
WalkerWalk,Langevin (Noise=0.05),Gradient Scale,0.01,Langevin (Noise=0.05) | Gradient Scale=0.01,RSDR (β=-10),828.0019149780273,4.950157811729412,714.9425811767578,15.640259902485134,454.638370513916,36.87931683147666
WalkerWalk,Langevin (Noise=0.05),Gradient Scale,0.01,Langevin (Noise=0.05) | Gradient Scale=0.01,RSDR (β=-20),804.7399088541666,1.9980580880737222,694.8947550455729,6.92471652056334,433.2105204264323,26.280415129053473
WalkerWalk,Langevin (Noise=0.05),Gradient Scale,0.01,Langevin (Noise=0.05) | Gradient Scale=0.01,RSDR (β=-30),753.8433227539062,7.161641913344054,660.2185872395834,10.542125052189592,460.5935363769531,20.77323285678177
WalkerWalk,Langevin (Noise=0.05),Gradient Scale,0.05,Langevin (Noise=0.05) | Gradient Scale=0.05,UDR,822.6825180053711,4.704808047780454,691.8783493041992,11.199682172884037,434.83996963500977,52.82238251195806
WalkerWalk,Langevin (Noise=0.05),Gradient Scale,0.05,Langevin (Noise=0.05) | Gradient Scale=0.05,RSDR (β=-10),818.3708648681641,5.608605213274953,697.4597396850586,16.41963170080182,443.71043395996094,43.074416739856204
WalkerWalk,Langevin (Noise=0.05),Gradient Scale,0.05,Langevin (Noise=0.05) | Gradient Scale=0.05,RSDR (β=-20),797.2295532226562,8.699038798959451,678.9869537353516,16.53520073383843,421.95775985717773,21.81271818822453
WalkerWalk,Langevin (Noise=0.05),Gradient Scale,0.05,Langevin (Noise=0.05) | Gradient Scale=0.05,RSDR (β=-30),746.8657150268555,9.55506323241896,642.6198272705078,15.780972022254284,434.73012924194336,24.696042715250613
WalkerWalk,Langevin (Noise=0.05),Gradient Scale,0.1,Langevin (Noise=0.05) | Gradient Scale=0.1,UDR,811.3463439941406,5.315647526744596,671.0277938842773,12.012304952007565,425.5445251464844,45.73210169698983
WalkerWalk,Langevin (Noise=0.05),Gradient Scale,0.1,Langevin (Noise=0.05) | Gradient Scale=0.1,RSDR (β=-10),808.3363418579102,6.274131925001476,679.5607376098633,17.223391262422258,444.18247985839844,41.40176615074866
WalkerWalk,Langevin (Noise=0.05),Gradient Scale,0.1,Langevin (Noise=0.05) | Gradient Scale=0.1,RSDR (β=-20),786.9172973632812,2.362201132258327,662.6955159505209,7.750477305919975,416.17138671875,25.807913544425706
WalkerWalk,Langevin (Noise=0.05),Gradient Scale,0.1,Langevin (Noise=0.05) | Gradient Scale=0.1,RSDR (β=-30),742.2404988606771,6.925620751572065,635.2721761067709,10.995036490532243,433.1326090494792,18.24767772500172
WalkerWalk,Langevin (Noise=0.05),Gradient Scale,0.5,Langevin (Noise=0.05) | Gradient Scale=0.5,RSDR (β=-10),694.5319213867188,12.822553985367025,531.7824096679688,24.528754081828765,351.56201171875,21.06631553267739
WalkerWalk,Langevin (Noise=0.05),Gradient Scale,0.5,Langevin (Noise=0.05) | Gradient Scale=0.5,RSDR (β=-20),674.6344401041666,5.044853138435894,517.1156819661459,11.29844895601003,348.4541931152344,3.422955635491193
WalkerWalk,Langevin (Noise=0.05),Gradient Scale,0.5,Langevin (Noise=0.05) | Gradient Scale=0.5,UDR,669.6707077026367,10.976251068076861,482.5649070739746,19.338388620574715,315.09731674194336,21.008776751930093
WalkerWalk,Langevin (Noise=0.05),Gradient Scale,0.5,Langevin (Noise=0.05) | Gradient Scale=0.5,RSDR (β=-30),660.743896484375,6.159281615948171,515.5038655598959,11.807360634630744,345.9284362792969,18.860578372883776
WalkerWalk,Langevin (Noise=0.05),Gradient Scale,1.0,Langevin (Noise=0.05) | Gradient Scale=1.0,RSDR (β=-10),614.5864461263021,15.944265635290847,454.10132853190106,22.56275954664848,325.15174357096356,24.007071195529715
WalkerWalk,Langevin (Noise=0.05),Gradient Scale,1.0,Langevin (Noise=0.05) | Gradient Scale=1.0,RSDR (β=-20),597.1893107096354,7.273736623945329,440.5578206380208,10.570346128077482,310.92787679036456,11.712777232392906
WalkerWalk,Langevin (Noise=0.05),Gradient Scale,1.0,Langevin (Noise=0.05) | Gradient Scale=1.0,RSDR (β=-30),593.3576049804688,6.822779853312996,440.75403849283856,12.42281088038417,321.0557454427083,29.759591117843595
WalkerWalk,Langevin (Noise=0.05),Gradient Scale,1.0,Langevin (Noise=0.05) | Gradient Scale=1.0,UDR,578.4084091186523,13.519316755720833,403.7667007446289,19.63750204177501,273.1462287902832,27.219234541079132
WalkerWalk,Langevin (Noise=0.05),Gradient Scale,2.0,Langevin (Noise=0.05) | Gradient Scale=2.0,RSDR (β=-10),522.498524983724,18.88321182793083,391.3687032063802,19.64388024010878,254.11451212565103,24.181015644990982
WalkerWalk,Langevin (Noise=0.05),Gradient Scale,2.0,Langevin (Noise=0.05) | Gradient Scale=2.0,RSDR (β=-30),515.0133768717448,8.882906796470621,387.3927001953125,11.557239844766308,281.83522033691406,27.62132199597262
WalkerWalk,Langevin (Noise=0.05),Gradient Scale,2.0,Langevin (Noise=0.05) | Gradient Scale=2.0,RSDR (β=-20),510.5898030598958,8.71512454112644,385.06834920247394,9.447075946808223,249.87616475423178,11.739997284707028
WalkerWalk,Langevin (Noise=0.05),Gradient Scale,2.0,Langevin (Noise=0.05) | Gradient Scale=2.0,UDR,474.249267578125,15.903355680762512,331.5100631713867,21.38547295907307,226.20170402526855,19.390499760759212
WalkerWalk,Random Walk,Noise Scale,0.0001,Random Walk | Noise Scale=0.0001,UDR,856.0312576293945,4.286538179492502,613.9331512451172,14.463408973143018,295.67699432373047,35.081458435252316
WalkerWalk,Random Walk,Noise Scale,0.0001,Random Walk | Noise Scale=0.0001,RSDR (β=-10),851.3903732299805,3.7404894586731947,644.0095062255859,15.2206345465008,394.4372024536133,29.509419186213055
WalkerWalk,Random Walk,Noise Scale,0.0001,Random Walk | Noise Scale=0.0001,RSDR (β=-20),838.2444305419922,3.727391621553446,655.1988754272461,4.947371257792184,416.3962860107422,29.07975231344971
WalkerWalk,Random Walk,Noise Scale,0.0001,Random Walk | Noise Scale=0.0001,RSDR (β=-30),793.1389694213867,6.038358558686445,647.8901062011719,5.877179339071778,430.2445983886719,21.721176245567158
WalkerWalk,Random Walk,Noise Scale,0.0005,Random Walk | Noise Scale=0.0005,UDR,856.0474090576172,4.2812687860539205,614.5603866577148,14.495527015676293,312.6516227722168,40.76769752905394
WalkerWalk,Random Walk,Noise Scale,0.0005,Random Walk | Noise Scale=0.0005,RSDR (β=-10),851.3965911865234,3.7605061599085703,644.459602355957,15.33781241750863,406.46194076538086,27.82311695403077
WalkerWalk,Random Walk,Noise Scale,0.0005,Random Walk | Noise Scale=0.0005,RSDR (β=-20),838.2427597045898,3.7224101247082895,655.6191864013672,4.948875047687056,435.6095962524414,27.726416600288474
WalkerWalk,Random Walk,Noise Scale,0.0005,Random Walk | Noise Scale=0.0005,RSDR (β=-30),793.1408081054688,6.048430109847931,648.4334945678711,6.0539197450317,444.325008392334,15.319425560976665
WalkerWalk,Random Walk,Noise Scale,0.001,Random Walk | Noise Scale=0.001,UDR,855.9822463989258,4.307641126738431,615.2021560668945,14.40785945654788,309.7772789001465,35.427213164497644
WalkerWalk,Random Walk,Noise Scale,0.001,Random Walk | Noise Scale=0.001,RSDR (β=-10),851.406867980957,3.751338323360732,645.274284362793,15.193072580072005,416.1691474914551,30.9701690591392
WalkerWalk,Random Walk,Noise Scale,0.001,Random Walk | Noise Scale=0.001,RSDR (β=-20),838.2054824829102,3.7207662591981316,656.2051010131836,4.841914711966829,444.8898162841797,17.801947089543532
WalkerWalk,Random Walk,Noise Scale,0.001,Random Walk | Noise Scale=0.001,RSDR (β=-30),793.1459121704102,5.981943944111207,649.3054733276367,5.948376714449759,453.390869140625,23.543569126150476
WalkerWalk,Random Walk,Noise Scale,0.005,Random Walk | Noise Scale=0.005,UDR,855.5824966430664,4.186714118183501,630.7011184692383,13.747768039169381,331.20495223999023,39.70934779625244
WalkerWalk,Random Walk,Noise Scale,0.005,Random Walk | Noise Scale=0.005,RSDR (β=-10),851.0528945922852,3.7613759220004837,658.9958877563477,15.472625457494718,427.38122940063477,26.195699668359126
WalkerWalk,Random Walk,Noise Scale,0.005,Random Walk | Noise Scale=0.005,RSDR (β=-20),837.7298049926758,3.793933418608461,668.8766860961914,4.850715014068912,441.50831604003906,26.32853695501787
WalkerWalk,Random Walk,Noise Scale,0.005,Random Walk | Noise Scale=0.005,RSDR (β=-30),792.4836349487305,5.853253719906506,661.5495681762695,6.388797071329758,472.80406188964844,31.389117946286323
WalkerWalk,Random Walk,Noise Scale,0.01,Random Walk | Noise Scale=0.01,UDR,854.5829467773438,3.990513903815984,655.4528274536133,12.51118707816591,391.2585906982422,39.44291177003595
WalkerWalk,Random Walk,Noise Scale,0.01,Random Walk | Noise Scale=0.01,RSDR (β=-10),849.9161987304688,3.667750746801384,680.2295379638672,14.791979175375728,478.11058044433594,29.254452187266587
WalkerWalk,Random Walk,Noise Scale,0.01,Random Walk | Noise Scale=0.01,RSDR (β=-20),835.9697189331055,3.951154688016333,687.2378158569336,5.442595204608869,500.689453125,23.36273966795284
WalkerWalk,Random Walk,Noise Scale,0.01,Random Walk | Noise Scale=0.01,RSDR (β=-30),790.047607421875,5.666235584593854,676.0040130615234,6.481924578827446,516.9106864929199,26.89450867172484
WalkerWalk,Random Walk,Noise Scale,0.05,Random Walk | Noise Scale=0.05,UDR,837.634765625,4.114519965324163,719.4946060180664,10.772392196863791,443.72404861450195,56.61062907570107
WalkerWalk,Random Walk,Noise Scale,0.05,Random Walk | Noise Scale=0.05,RSDR (β=-10),831.9685668945312,4.777607446537232,722.0969543457031,15.228198012394534,461.2695121765137,38.233500222287745
WalkerWalk,Random Walk,Noise Scale,0.05,Random Walk | Noise Scale=0.05,RSDR (β=-20),809.697265625,7.954132534608436,701.8064575195312,16.12164597221755,440.9263916015625,23.890561495469314
WalkerWalk,Random Walk,Noise Scale,0.05,Random Walk | Noise Scale=0.05,RSDR (β=-30),756.032585144043,9.223940092829613,660.5376358032227,15.285685700037979,450.3449401855469,32.18018529978071
WalkerWalk,Random Walk,Noise Scale,0.1,Random Walk | Noise Scale=0.1,UDR,842.6386642456055,6.954256407930467,744.7520904541016,15.554363360210246,560.1755142211914,33.65979272335412
WalkerWalk,Random Walk,Noise Scale,0.1,Random Walk | Noise Scale=0.1,RSDR (β=-10),835.7390670776367,6.5852379432614105,739.2686004638672,17.588276972881317,557.5236053466797,32.218666162500135
WalkerWalk,Random Walk,Noise Scale,0.1,Random Walk | Noise Scale=0.1,RSDR (β=-20),811.7451324462891,9.812064307459398,716.4034881591797,19.14696956670661,527.890567779541,26.401042141792907
WalkerWalk,Random Walk,Noise Scale,0.1,Random Walk | Noise Scale=0.1,RSDR (β=-30),754.5414123535156,15.14982206464294,671.5997619628906,21.94148414238304,518.7242126464844,26.868449957481534
