Task,DistCategory,ParamName,ParamValue,Distribution,Policy,Mean,Mean_Std,CVaR10,CVaR10_Std,Min,Min_Std
AcrobotSwingup,Langevin (Noise=0.0),Gradient Scale,0.0,Langevin (Noise=0.0) | Gradient Scale=0.0,RSDR (β=-30),584.076171875,31.45848661319109,400.19434029715404,44.99211576476864,21.038612365722656,7.993097673208736
AcrobotSwingup,Langevin (Noise=0.0),Gradient Scale,0.0,Langevin (Noise=0.0) | Gradient Scale=0.0,RSDR (β=-20),562.8304782443577,32.6849096643195,390.49495103624133,18.94718521301467,18.055924521552193,7.393126213475531
AcrobotSwingup,Langevin (Noise=0.0),Gradient Scale,0.0,Langevin (Noise=0.0) | Gradient Scale=0.0,RSDR (β=-10),546.9877471923828,37.652742602917364,368.5782979329427,18.29711395005592,27.66703764597575,9.319021328685684
AcrobotSwingup,Langevin (Noise=0.0),Gradient Scale,0.0,Langevin (Noise=0.0) | Gradient Scale=0.0,UDR,534.493665907118,32.12022711837154,303.7822570800781,54.27291361031355,18.870950116051567,10.362688478310243
AcrobotSwingup,Langevin (Noise=0.0),Gradient Scale,0.01,Langevin (Noise=0.0) | Gradient Scale=0.01,RSDR (β=-30),480.932852608817,32.256291156271,144.70229557582311,27.858839357472448,13.65750959941319,5.718624966075679
AcrobotSwingup,Langevin (Noise=0.0),Gradient Scale,0.01,Langevin (Noise=0.0) | Gradient Scale=0.01,RSDR (β=-20),473.14709133572046,22.241048649201254,153.88774617513022,42.34498826237704,13.111786630418566,3.6309111824350513
AcrobotSwingup,Langevin (Noise=0.0),Gradient Scale,0.01,Langevin (Noise=0.0) | Gradient Scale=0.01,RSDR (β=-10),427.1149088541667,32.17871004551918,133.30334345499674,32.09289627190862,18.26659361521403,10.192259806327796
AcrobotSwingup,Langevin (Noise=0.0),Gradient Scale,0.01,Langevin (Noise=0.0) | Gradient Scale=0.01,UDR,373.63471137152777,28.90249526262021,80.21156268649631,16.38964650089768,12.309547954135471,8.526100128483783
AcrobotSwingup,Langevin (Noise=0.0),Gradient Scale,0.05,Langevin (Noise=0.0) | Gradient Scale=0.05,RSDR (β=-30),506.1585257393973,40.36970907130736,199.07732282366072,44.81467217248375,11.551638943808419,4.438702832470611
AcrobotSwingup,Langevin (Noise=0.0),Gradient Scale,0.05,Langevin (Noise=0.0) | Gradient Scale=0.05,RSDR (β=-20),493.397216796875,25.5766427007283,185.58834160698785,33.105147520214054,13.735337045457628,7.709723890908975
AcrobotSwingup,Langevin (Noise=0.0),Gradient Scale,0.05,Langevin (Noise=0.0) | Gradient Scale=0.05,RSDR (β=-10),442.4655049641927,38.626975677333824,157.0296630859375,24.869131011545537,19.48473358154297,8.782598596251416
AcrobotSwingup,Langevin (Noise=0.0),Gradient Scale,0.05,Langevin (Noise=0.0) | Gradient Scale=0.05,UDR,385.34473673502606,30.880265035638605,86.29992251925998,19.497188042794114,13.600128067864311,7.278754984413475
AcrobotSwingup,Langevin (Noise=0.0),Gradient Scale,0.1,Langevin (Noise=0.0) | Gradient Scale=0.1,RSDR (β=-30),502.1405247279576,41.209001080497195,195.13096400669642,43.06166753207396,13.092728342328753,5.511340633219347
AcrobotSwingup,Langevin (Noise=0.0),Gradient Scale,0.1,Langevin (Noise=0.0) | Gradient Scale=0.1,RSDR (β=-20),491.80140177408856,26.566923073226185,185.25579833984375,34.85515234729096,13.02587080001831,6.20748752289589
AcrobotSwingup,Langevin (Noise=0.0),Gradient Scale,0.1,Langevin (Noise=0.0) | Gradient Scale=0.1,RSDR (β=-10),441.4866027832031,38.71515188356189,159.02785873413086,21.924280662304287,19.067885875701904,8.425606159674379
AcrobotSwingup,Langevin (Noise=0.0),Gradient Scale,0.1,Langevin (Noise=0.0) | Gradient Scale=0.1,UDR,386.3642578125,30.538051044085435,86.50125037299262,18.73376107502907,13.730754640367296,6.657726221393068
AcrobotSwingup,Langevin (Noise=0.0),Gradient Scale,0.5,Langevin (Noise=0.0) | Gradient Scale=0.5,RSDR (β=-30),498.54260689871654,41.368680861633344,191.87294442313058,41.63200980757803,12.95438003540039,4.695231973112188
AcrobotSwingup,Langevin (Noise=0.0),Gradient Scale,0.5,Langevin (Noise=0.0) | Gradient Scale=0.5,RSDR (β=-20),488.17280748155383,27.366555911063287,183.05380249023438,34.563847896569875,13.155740737915039,4.242123702716462
AcrobotSwingup,Langevin (Noise=0.0),Gradient Scale,0.5,Langevin (Noise=0.0) | Gradient Scale=0.5,RSDR (β=-10),438.1064453125,40.118832700456664,155.67300669352213,21.266002570730894,17.798094987869263,9.75305875030805
AcrobotSwingup,Langevin (Noise=0.0),Gradient Scale,0.5,Langevin (Noise=0.0) | Gradient Scale=0.5,UDR,384.0784200032552,30.101809564719723,84.6346698337131,18.955016684971728,13.14034758673774,6.741239967722494
AcrobotSwingup,Langevin (Noise=0.0001),Gradient Scale,0.0,Langevin (Noise=0.0001) | Gradient Scale=0.0,RSDR (β=-30),583.8474731445312,31.44162994034238,398.4926321847098,45.363681129238735,20.632482937404088,8.890950004627044
AcrobotSwingup,Langevin (Noise=0.0001),Gradient Scale,0.0,Langevin (Noise=0.0001) | Gradient Scale=0.0,RSDR (β=-20),562.8792453342014,32.80557125530532,390.55101182725696,18.983731187656375,18.582859887017143,6.680188644635524
AcrobotSwingup,Langevin (Noise=0.0001),Gradient Scale,0.0,Langevin (Noise=0.0001) | Gradient Scale=0.0,RSDR (β=-10),547.0766194661459,37.66791960855466,368.8015492757161,19.827700261624887,34.20964209238688,13.223728070325025
AcrobotSwingup,Langevin (Noise=0.0001),Gradient Scale,0.0,Langevin (Noise=0.0001) | Gradient Scale=0.0,UDR,534.3899468315972,32.3632483940319,303.988035413954,55.98536443913055,16.927911016676163,9.419778869093301
AcrobotSwingup,Langevin (Noise=0.0001),Gradient Scale,0.01,Langevin (Noise=0.0001) | Gradient Scale=0.01,RSDR (β=-30),476.9754856654576,28.852806952011093,129.624879019601,22.819092098881228,13.817684991019112,5.286504596159235
AcrobotSwingup,Langevin (Noise=0.0001),Gradient Scale,0.01,Langevin (Noise=0.0001) | Gradient Scale=0.01,RSDR (β=-20),468.0377434624566,20.901280728631516,137.2054918077257,32.58225075677377,13.092480977376303,4.412345148453981
AcrobotSwingup,Langevin (Noise=0.0001),Gradient Scale,0.01,Langevin (Noise=0.0001) | Gradient Scale=0.01,RSDR (β=-10),425.97412109375,30.88932486246023,130.24109013875326,37.287889618913056,18.636194705963135,9.694463505050294
AcrobotSwingup,Langevin (Noise=0.0001),Gradient Scale,0.01,Langevin (Noise=0.0001) | Gradient Scale=0.01,UDR,368.79945203993054,30.93550079228791,77.84211264716254,17.975343835222336,11.063004387749565,4.5355081634757335
AcrobotSwingup,Langevin (Noise=0.0001),Gradient Scale,0.05,Langevin (Noise=0.0001) | Gradient Scale=0.05,RSDR (β=-30),530.5618024553571,34.18897150535874,227.26976231166296,44.95188280691577,14.4779965536935,4.96237275147146
AcrobotSwingup,Langevin (Noise=0.0001),Gradient Scale,0.05,Langevin (Noise=0.0001) | Gradient Scale=0.05,RSDR (β=-20),509.5948757595486,22.38831003437796,202.6695031060113,31.360316887273363,12.503609869215223,5.066064563201111
AcrobotSwingup,Langevin (Noise=0.0001),Gradient Scale,0.05,Langevin (Noise=0.0001) | Gradient Scale=0.05,RSDR (β=-10),460.1062978108724,37.674838982590806,175.5417938232422,29.938434270915383,18.403959433237713,6.712199554297402
AcrobotSwingup,Langevin (Noise=0.0001),Gradient Scale,0.05,Langevin (Noise=0.0001) | Gradient Scale=0.05,UDR,397.93897840711804,30.45940747570766,93.9172829522027,26.264186784013063,13.11540667215983,7.790157377890923
AcrobotSwingup,Langevin (Noise=0.0001),Gradient Scale,0.1,Langevin (Noise=0.0001) | Gradient Scale=0.1,RSDR (β=-30),502.10159737723217,25.882453451370814,161.50404793875558,18.319678305692968,15.554773466927665,4.454332645480168
AcrobotSwingup,Langevin (Noise=0.0001),Gradient Scale,0.1,Langevin (Noise=0.0001) | Gradient Scale=0.1,RSDR (β=-20),480.4794108072917,20.900290838923343,159.90377807617188,20.542869310777988,12.585019376542833,5.482459510537951
AcrobotSwingup,Langevin (Noise=0.0001),Gradient Scale,0.1,Langevin (Noise=0.0001) | Gradient Scale=0.1,RSDR (β=-10),449.11878458658856,31.97833813309831,151.09171040852866,27.101989215208214,20.939356803894043,11.97131157289327
AcrobotSwingup,Langevin (Noise=0.0001),Gradient Scale,0.1,Langevin (Noise=0.0001) | Gradient Scale=0.1,UDR,399.07843695746527,26.319702905962558,95.92814805772569,17.94213392034869,12.976259761386448,9.434623006375057
AcrobotSwingup,Langevin (Noise=0.0001),Gradient Scale,0.5,Langevin (Noise=0.0001) | Gradient Scale=0.5,RSDR (β=-30),249.23142569405692,6.495771251218915,74.79386683872768,6.5776235357315676,11.736100946153913,5.1315447984302995
AcrobotSwingup,Langevin (Noise=0.0001),Gradient Scale,0.5,Langevin (Noise=0.0001) | Gradient Scale=0.5,RSDR (β=-20),248.34361436631946,7.878175885959923,76.86133236355252,5.53975653881661,14.238412857055664,2.1783609003404165
AcrobotSwingup,Langevin (Noise=0.0001),Gradient Scale,0.5,Langevin (Noise=0.0001) | Gradient Scale=0.5,RSDR (β=-10),248.24361419677734,8.135224130874864,75.91630744934082,10.223022116877848,12.625173250834147,3.249065748222067
AcrobotSwingup,Langevin (Noise=0.0001),Gradient Scale,0.5,Langevin (Noise=0.0001) | Gradient Scale=0.5,UDR,244.5408647325304,9.9520339656491,73.19272952609592,10.690060387598937,11.99859725104438,2.9067359449235
AcrobotSwingup,Langevin (Noise=0.005),Gradient Scale,0.0,Langevin (Noise=0.005) | Gradient Scale=0.0,RSDR (β=-30),550.2283063616071,31.731261088890808,359.8709803989955,44.36785601156027,20.996045930044993,6.875735435943706
AcrobotSwingup,Langevin (Noise=0.005),Gradient Scale,0.0,Langevin (Noise=0.005) | Gradient Scale=0.0,RSDR (β=-20),535.0477532280815,28.268881461200042,346.28585137261285,15.334101826621877,24.851138856675888,10.814653685212836
AcrobotSwingup,Langevin (Noise=0.005),Gradient Scale,0.0,Langevin (Noise=0.005) | Gradient Scale=0.0,RSDR (β=-10),520.9814147949219,35.38217992110349,340.5612080891927,20.9592766560745,27.54438050587972,12.50392915271447
AcrobotSwingup,Langevin (Noise=0.005),Gradient Scale,0.0,Langevin (Noise=0.005) | Gradient Scale=0.0,UDR,508.1219075520833,32.44311260008804,273.1363033718533,42.46335319917128,17.33514388402303,8.296774262231645
AcrobotSwingup,Langevin (Noise=0.005),Gradient Scale,0.01,Langevin (Noise=0.005) | Gradient Scale=0.01,RSDR (β=-30),474.04454258510043,31.049300272075055,122.07145254952567,20.4347659315247,13.923483712332589,4.548856950022679
AcrobotSwingup,Langevin (Noise=0.005),Gradient Scale,0.01,Langevin (Noise=0.005) | Gradient Scale=0.01,RSDR (β=-20),467.06514146592883,20.275035337982285,136.46724277072482,35.01176119118186,13.061336835225424,5.716095727603781
AcrobotSwingup,Langevin (Noise=0.005),Gradient Scale,0.01,Langevin (Noise=0.005) | Gradient Scale=0.01,RSDR (β=-10),423.44240315755206,30.263334051588707,127.90010070800781,36.11346599253444,13.868959108988443,5.105562668914747
AcrobotSwingup,Langevin (Noise=0.005),Gradient Scale,0.01,Langevin (Noise=0.005) | Gradient Scale=0.01,UDR,368.59185112847223,29.038920812380375,76.2283452351888,15.687793542294855,12.176261266072592,6.490873931861974
AcrobotSwingup,Langevin (Noise=0.005),Gradient Scale,0.05,Langevin (Noise=0.005) | Gradient Scale=0.05,RSDR (β=-30),497.16598074776783,33.02574897518787,187.98218645368303,29.18038097085148,14.451769147600446,4.783436117542271
AcrobotSwingup,Langevin (Noise=0.005),Gradient Scale,0.05,Langevin (Noise=0.005) | Gradient Scale=0.05,RSDR (β=-20),481.3479817708333,18.74581159092856,180.34127129448785,25.30406569389769,14.209227561950684,7.154397278509715
AcrobotSwingup,Langevin (Noise=0.005),Gradient Scale,0.05,Langevin (Noise=0.005) | Gradient Scale=0.05,RSDR (β=-10),443.1017252604167,34.00024554481955,163.07301330566406,21.223929332643742,18.38987684249878,10.60084304103849
AcrobotSwingup,Langevin (Noise=0.005),Gradient Scale,0.05,Langevin (Noise=0.005) | Gradient Scale=0.05,UDR,391.5765143500434,25.271758978683323,94.66431681315105,22.540974552189983,13.30706230799357,7.204040499402686
AcrobotSwingup,Langevin (Noise=0.005),Gradient Scale,0.1,Langevin (Noise=0.005) | Gradient Scale=0.1,RSDR (β=-30),487.2942112513951,24.59125765282369,137.1870564052037,10.962068744377644,15.050745555332728,4.744317053742795
AcrobotSwingup,Langevin (Noise=0.005),Gradient Scale,0.1,Langevin (Noise=0.005) | Gradient Scale=0.1,RSDR (β=-20),465.81380886501734,20.976389921890718,137.1782285902235,20.637218832808585,13.310779200659859,5.643222737785255
AcrobotSwingup,Langevin (Noise=0.005),Gradient Scale,0.1,Langevin (Noise=0.005) | Gradient Scale=0.1,RSDR (β=-10),433.1308898925781,36.112045545821715,132.0952631632487,24.512447813895598,17.441754976908367,4.001490141973619
AcrobotSwingup,Langevin (Noise=0.005),Gradient Scale,0.1,Langevin (Noise=0.005) | Gradient Scale=0.1,UDR,388.48681640625,28.53780781174319,88.7427266438802,16.178307965611406,14.062930001152885,9.837843349600051
AcrobotSwingup,Langevin (Noise=0.005),Gradient Scale,0.5,Langevin (Noise=0.005) | Gradient Scale=0.5,RSDR (β=-10),214.28968811035156,10.030484169296262,67.28627904256184,10.371309578538092,12.030090173085531,0.9707981050783763
AcrobotSwingup,Langevin (Noise=0.005),Gradient Scale,0.5,Langevin (Noise=0.005) | Gradient Scale=0.5,RSDR (β=-20),213.58298916286893,5.758880241050668,64.64204618665907,4.1546817040716695,11.447397814856636,3.2974902875758967
AcrobotSwingup,Langevin (Noise=0.005),Gradient Scale,0.5,Langevin (Noise=0.005) | Gradient Scale=0.5,UDR,213.1630164252387,9.772284093983991,63.01404486762153,5.3900324709417475,10.620026588439941,1.814355119965442
AcrobotSwingup,Langevin (Noise=0.005),Gradient Scale,0.5,Langevin (Noise=0.005) | Gradient Scale=0.5,RSDR (β=-30),211.8334197998047,5.565723385227258,66.26461628505162,5.30143349696161,11.252855709620885,3.7313132446252517
AcrobotSwingup,Random Walk,Noise Scale,0.0005,Random Walk | Noise Scale=0.0005,RSDR (β=-30),583.4076625279018,31.3143239193628,397.2940979003906,45.78952451215594,23.040149007524764,9.036562159042973
AcrobotSwingup,Random Walk,Noise Scale,0.0005,Random Walk | Noise Scale=0.0005,RSDR (β=-20),562.4942694769966,32.32606648474032,388.6558430989583,18.290487908603655,17.0075069003635,5.436470954616656
AcrobotSwingup,Random Walk,Noise Scale,0.0005,Random Walk | Noise Scale=0.0005,RSDR (β=-10),547.2401631673177,37.34906245162374,370.2231852213542,17.646471658947906,24.9348570505778,9.079127807511657
AcrobotSwingup,Random Walk,Noise Scale,0.0005,Random Walk | Noise Scale=0.0005,UDR,532.9012247721354,32.44348920002693,399.1548563639323,50.68541843664513,207.55239783393012,52.34130101367518
AcrobotSwingup,Random Walk,Noise Scale,0.001,Random Walk | Noise Scale=0.001,RSDR (β=-30),582.6339198521206,31.509359528897836,398.4944763183594,45.3479602707397,19.794954299926758,6.05482993072516
AcrobotSwingup,Random Walk,Noise Scale,0.001,Random Walk | Noise Scale=0.001,RSDR (β=-20),561.4426947699653,31.82987163767268,387.6949768066406,18.980672335078605,21.593701150682236,8.858267982403072
AcrobotSwingup,Random Walk,Noise Scale,0.001,Random Walk | Noise Scale=0.001,RSDR (β=-10),545.8870290120443,37.04573587422584,368.33628845214844,18.582959850596513,27.516326268513996,11.013483451742903
AcrobotSwingup,Random Walk,Noise Scale,0.001,Random Walk | Noise Scale=0.001,UDR,533.6903415256077,32.082840680726825,304.223395453559,53.964080418368376,21.798283576965332,12.402805699670578
AcrobotSwingup,Random Walk,Noise Scale,0.005,Random Walk | Noise Scale=0.005,RSDR (β=-30),550.2283063616071,31.731261088890808,359.8709803989955,44.36785601156027,20.996045930044993,6.875735435943706
AcrobotSwingup,Random Walk,Noise Scale,0.005,Random Walk | Noise Scale=0.005,RSDR (β=-20),535.0477532280815,28.268881461200042,346.28585137261285,15.334101826621877,24.851138856675888,10.814653685212836
AcrobotSwingup,Random Walk,Noise Scale,0.005,Random Walk | Noise Scale=0.005,RSDR (β=-10),520.9814147949219,35.38217992110349,340.5612080891927,20.9592766560745,27.54438050587972,12.50392915271447
AcrobotSwingup,Random Walk,Noise Scale,0.005,Random Walk | Noise Scale=0.005,UDR,508.1219075520833,32.44311260008804,273.1363033718533,42.46335319917128,17.33514388402303,8.296774262231645
AcrobotSwingup,Random Walk,Noise Scale,0.01,Random Walk | Noise Scale=0.01,RSDR (β=-30),498.26297433035717,29.331990466956803,260.56995936802457,40.449642662587806,24.975392614092147,8.718927371185554
AcrobotSwingup,Random Walk,Noise Scale,0.01,Random Walk | Noise Scale=0.01,RSDR (β=-20),487.4668782552083,26.87362894275746,253.9874064127604,17.300710975160154,21.292501979404026,5.31111028301706
AcrobotSwingup,Random Walk,Noise Scale,0.01,Random Walk | Noise Scale=0.01,RSDR (β=-10),480.3206837972005,33.141867637720296,269.6861521402995,18.639948176323042,20.109289169311523,7.787254199352224
AcrobotSwingup,Random Walk,Noise Scale,0.01,Random Walk | Noise Scale=0.01,UDR,463.9438781738281,29.811255649323442,211.38934156629773,34.90287035140989,17.28711223602295,8.662090377687054
